No,企業名,主要三品目①,主要三品目②,主要三品目③,企業HP
1,アルファ電子株式会社,医療機器・電子機器の開発設計、部品調達からの一貫生産,基板表面実装から完成までの一貫生産,海外生産品の品質保証業務,https://www.nc-net.or.jp//company/75512/
2,株式会社 サワテツ,多品種向け部品加工,試作単品加工,製缶、板金、各種表面処理、組み付け,https://www.nc-net.or.jp//company/81170/
3,有限会社新栄精器,産業機械部品,半導体製造装置部品,金型部品,https://www.nc-net.or.jp//company/49689/
4,高橋金属株式会社,真鍮パイプ・銅パイプ・ステンレスパイプ加工,真鍮切削部品等　非鉄金属加工　精密加工,鋼板　レベラ－・シャーリング加工,https://www.nc-net.or.jp//company/79992/
5,大和合成株式会社,自動車部品（硬化性樹脂プーリー）,重電機器部品（ブレーカー部品）,金属との複合成形,https://www.nc-net.or.jp//company/83510/
6,大伸ダイス工業株式会社,引き抜き加工用工具（耐摩耗工具）,冷間鍛造用金型,機械要素部品,https://www.nc-net.or.jp//company/91496/
7,株式会社飯塚製作所,自動車部品,建機部品,高圧クーラントポンプ部品,https://www.nc-net.or.jp//company/21558/
8,株式会社田代鉄工所,配管製缶等の施工一式,大型製缶加工【タンク・ダクト・カバー・配管】,ガラス関係生産設備,https://www.nc-net.or.jp//company/62379/
9,株式会社タカハタ,受配電盤,産業機械,食品機械,https://www.nc-net.or.jp//company/92852/
10,ホッティーポリマー株式会社,3Dプリンター受託加工・機器販売,3Dプリンター用フィラメント製造、販売,ゴム・樹脂押出成形,https://www.nc-net.or.jp//company/26477/
11,株式会社ジェイアンドシー,プレス金型（設計、製作）、精密金型・精密機械・設備（自動機）等の部品加工及び治具製作,精密小型プレス機（設計、製作）,金型と精密小型プレス機のターンキーシステムの提案,https://www.nc-net.or.jp//company/87344/
12,株式会社大日光・エンジニアリング,・基板実装・組立事業：回路設計から製造（実装）、完成品組立までのPCBA,・光学機器組立事業　：光学機器などクリーンな環境での作業が必要な組立,・電源開発事業　　　　：カスタム電源ユニット基板の設計、製造、販売,https://www.nc-net.or.jp//company/84523/
13,株式会社富士精工,自動車内装部品関係,家電関係,住宅設備関連、キッチン、浴室関連,https://www.nc-net.or.jp//company/46448/
14,メカトーク株式会社,中国工場（６社／約３００人）による精密部品加工,機械装置部品の販売,各種産業機械・工作機械の販売,https://www.nc-net.or.jp//company/85579/
15,富士電子工業株式会社,高周波焼入れ受託加工・高周波熱処理による試作,高周波誘導加熱装置およびその部品の製造販売,トランジスタ・インバータおよびその部品の製造販売,https://www.nc-net.or.jp//company/88995/
16,株式会社キャステム,ロストワックス精密鋳造部品　製造・販売,金属射出焼結部品(メタルインジェクション = MIM)　製造・販売,受託CTスキャンサービス,https://www.nc-net.or.jp//company/77539/
17,株式会社シルベック,アルミダイカストへの各種めっき・表面処理,亜鉛ダイカスト素材への各種めっき,微細、小サイズ部品への精密バレルめっき（錫、銀、銅、ニッケル他）,https://www.nc-net.or.jp//company/75399/
18,株式会社秋葉ダイカスト工業所,アルミダイカスト,亜鉛ダイカスト,金型設計製作,https://www.nc-net.or.jp//company/88036/
19,株式会社セイロジャパン,高品位CAD/CAMシステム　Cimatron,高性能CAM　GO2cam,射出成形CAE　MOLDEX３D,https://www.nc-net.or.jp//company/84550/
20,オーティス株式会社,放熱・防水・防塵・シールド・断熱・接着などの機能性材料（クッション・両面テープ・フィルム・シート・金属箔等）の複合精密打ち抜きプレス加工,メフィット（自社開発のシールドガスケット：導通・接点・EMS対策・静電気対策・シールディング・グランディング）,ロータリースクリーン印刷（機能材料）等オリジナル加工装置の設計・開発　並びに金型、治具等の設計・製造,https://www.nc-net.or.jp//company/69715/
21,株式会社ＪＳテック,シンクロナイザー・ハブ・スリーブ,ナックル（ハウジング）,ホイール・スピンドル,https://www.nc-net.or.jp//company/89848/
22,三工電機株式会社,分電盤・操舵室操作盤・操舵室集合盤,配電盤・給電盤・電源ユニット・蓄電池充放電盤,航海灯表示盤・各種配電盤・各種制御盤・各種操作盤,https://www.nc-net.or.jp//company/93391/
23,,分電盤・操舵室操作盤・操舵室集合盤,配電盤・給電盤・電源ユニット・蓄電池充放電盤,航海灯表示盤・各種配電盤・各種制御盤・各種操作盤,https://www.nc-net.or.jp//company//
24,株式会社ミズノマシナリー,アルミ加工,切削加工,同時5軸加工,https://www.nc-net.or.jp//company/49189/
25,ユウキ産商株式会社,座金・鋲螺関連製品及び各種プレス加工品製造販売,アルミ押出型材加工・マシニング加工・長尺型材加工,アルミ溶接、組立ASSY加工,https://www.nc-net.or.jp//company/92298/
26,株式会社  ケディカ,鉛フリーめっき　６価クロムフリーめっき,自動車関連部品へのめっき／カチオン電着塗装,電気・電子部品・半導体へのめっき,https://www.nc-net.or.jp//company/49256/
27,株式会社豊栄工業,プラスチック射出成形金型／プレス金型、リバースエンジニアリング支援（キャビコア復活等）,精密金属加工（プレス／板金／５軸切削等）、少ロット量産,植物由来樹脂（ＰＬＡ）製品の製造、販売,https://www.nc-net.or.jp//company/53062/
28,株式会社日出,光学用プラスチックレンズ金型設計製作,光学用プラスチックレンズ製造,超精密樹脂金型製造,https://www.nc-net.or.jp//company/22515/
29,株式会社田野製作所,自動車（空調関連部品）等　精密切削加工部品,医療機器（内視鏡部品）等　精密切削加工部品、および組立品,光学機器（レンズ廻り部品）等　精密切削加工部品,https://www.nc-net.or.jp//company/81621/
30,株式会社伊藤製作所,順送り金型設計,順送り金型製作,順送りプレス加工/冷間鍛造,https://www.nc-net.or.jp//company/72592/
31,城陽富士工業株式会社,長尺マシニング加工,ジグボーラでの高精度加工,大物プレート研削加工,https://www.nc-net.or.jp//company/84368/
32,株式会社イナック,樹脂・鉄・アルミ・ＳＵＳ・真鍮など精密試作部品、高透明度樹脂試作品モデル（切削、３Ｄプリント、真空注型）、塗装、真空蒸着メッキなどの加飾　多品種少量生産,５軸加工　スーパーエンプラ　エンプラ　アルミ各種　鉄　切削加工　透明光造形　アルミ蒸着メッキ　不連続蒸着メッキ　ハーフ蒸着メッキ,精密部品　設備用部品　治具　デザイン検証モデル　オブジェ　ワンオフパーツ,https://www.nc-net.or.jp//company/12389/
33,白銅株式会社,非鉄金属（アルミ、銅、ステンレス）、特殊鋼、樹脂、その他金属の材料,５軸加工　スーパーエンプラ　エンプラ　アルミ各種　鉄　切削加工　透明光造形　アルミ蒸着メッキ　不連続蒸着メッキ　ハーフ蒸着メッキ,精密部品　設備用部品　治具　デザイン検証モデル　オブジェ　ワンオフパーツ,https://www.nc-net.or.jp//company/86018/
34,株式会社ゼネテック,3次元CAD/CAMシステム Mastercam,3次元CADシステム　SOLIDWORKS,産業用ロボットオフラインティーチングシステム　Robotmaster,https://www.nc-net.or.jp//company/30005/
35,株式会社柿沼製作所,NC旋盤加工,センターレス研磨,ミグ溶接,https://www.nc-net.or.jp//company/79595/
36,岸本工業株式会社,複合順送プレス加工（売り型にも対応）,複合順送金型製造,順送金型　実機コイルトライ,https://www.nc-net.or.jp//company/47473/
37,株式会社中村製作所,高精度を必要とする精密部品加工,スピンドル、スリーブ、ハウジング,チタンなどの難削材加工品や５軸加工,https://www.nc-net.or.jp//company/87696/
38,株式会社北上エレメック,射出成形金型製作～量産品,金属プレス金型製作～量産品,インサート成形金型製作～量産品,https://www.nc-net.or.jp//company/94720/
39,株式会社 イケダ,マグネシウム加工,アルミ加工,チタン加工,https://www.nc-net.or.jp//company/46279/
40,株式会社 光機械製作所,工作機械の設計・製造,工作機械のレトロフィット・修理・改造,切削工具（超硬インサート・鋼製ドリルボディ）の製造,https://www.nc-net.or.jp//company/22539/
41,株式会社ヒキフネ,精密めっき(無電解ニッケル。潤滑めっき・複合めっき),半導体部品の金・銀。錫ほか各種のめっき,超精密・微細パターン転写技術と金型製造,https://www.nc-net.or.jp//company/45852/
42,シーコム株式会社,自動車試作板金部品及び小ロット量産板金部品,航空機エンジン部品・ガスタービン部品,半導体装置部品・建設機械試作部品,https://www.nc-net.or.jp//company/46642/
43,株式会社ユウワ,プラスチック成形用金型設計・製造,プラスチック成形加工,超精密成形,https://www.nc-net.or.jp//company/94759/
44,hakkai 株式会社,精密プラスチック成形加工,精密プラスチック金型設計製作,自動機及び精密治工具製作,https://www.nc-net.or.jp//company/72463/
45,株式会社サンメック,ステンレス製缶品,機械加工,各種産業機器,https://www.nc-net.or.jp//company/76239/
46,株式会社 茂呂製作所,治工具　治工具部品,部品加工の緊急対応,機械修理　全般,https://www.nc-net.or.jp//company/45600/
47,株式会社今橋製作所,アルミ精密試作加工(手の平～3000mm),大型プレート・ベース6面加工+穴加工,鋳物、製缶品、難削材の試作加工,https://www.nc-net.or.jp//company/79711/
48,株式会社川崎製作所,超大型三次元受託測定,航空機ジェットエンジン部品加工,医療機器部品加工,https://www.nc-net.or.jp//company/81180/
49,株式会社大洋バルブ製作所,フローゲージ,フロースイッチ,サイトグラス,https://www.nc-net.or.jp//company/80206/
50,昭和電気鋳鋼株式会社,建設車両部品,産業用車両部品,鉄道車両部品,https://www.nc-net.or.jp//company/89430/
51,株式会社アミヤ,試作鈑金・叩き（打ち出し）鈑金・精密板金,積層金型やZAS型による絞り加工(油圧プレス）,"小中ロット量産品加工（SPCC,SPHC,SS,SUS,アルミ）",https://www.nc-net.or.jp//company/74369/
52,株式会社キメラ,モールド（プラスチック）金型・プレス金型・各種金型部品加工・精密金属機械加工【設計・製作・試作】,短納期ニーズに応えるため、NAK、SKS、SKD、ハイス、超硬材などの、さまざまな金型用材料をストック,高速切削マシニングセンターによる、高精度の金属切削加工。電極制作。型彫り放電加工機による、精密微細加工。,https://www.nc-net.or.jp//company/46129/
53,友鉄工業株式会社,フルモールド鋳造,大型鋳鉄品（15トンクラス）、消失模型鋳造品,発泡スチロール模型,https://www.nc-net.or.jp//company/60394/
54,中央ばね工業株式会社,ばね,バネ,角線,https://www.nc-net.or.jp//company/53955/
55,株式会社前田テクニカ,板金部品（電機向け）,精密プレス部品,プレス金型,https://www.nc-net.or.jp//company/88354/
56,株式会社サトキン,砂型鋳造・自動車用試作部品・アルミパイプ鋳ぐるみ,大型船舶ポンプ・医療機器関連部品・耐圧バルブ・ポンプ・ケ-ス,電力関係部品・消火栓関係・設備・機械部品、特殊フレ-ム、ロボット,https://www.nc-net.or.jp//company/47507/
57,株式会社タカトモインダストリ,アルミニウム航空機構造部品加工,アルミニウム同時５軸加工,３次元曲面加工、薄肉形状加工,https://www.nc-net.or.jp//company/72027/
58,プロトラブズ合同会社,樹脂射出成形,プラスチックの切削加工,アルミの切削加工,https://www.nc-net.or.jp//company/84178/
59,株式会社竹入製作所,各種省力化装置、専用機、設計製作据付一貫受注(自動搬送機・自動組立機・試験機等),海外調達の充実による、低コストのご要望にお応え出来ます！,アラミド繊維を用いた、コンクリート補強筋【TAFロッド】の製造・販売,https://www.nc-net.or.jp//company/77048/
60,"YMC MACHINERY CO., LTD.",海外から機械を輸入,部品の設計と製造,産業プラントで使用される機械を構築します。,https://www.nc-net.or.jp//company/93811/
61,株式会社サイトウティーエム,プレス加工　：　3次元形状　・　深絞り　・　精密小物,溶接　　：　量産対応スポット溶接　・　アーク溶接,海外調達　：　金型　・　プレス加工品　・　機械加工品（単品～量産まで）,https://www.nc-net.or.jp//company/76094/
62,田中産業株式会社,板金加工,塗装品,海外生産受託,https://www.nc-net.or.jp//company/76676/
63,Noda,各種抜き型（トムソン型、彫刻型、エッチングダイ等）,関連治具,海外生産受託,https://www.nc-net.or.jp//company/93808/
64,株式会社ナガラ,自動車ボディ部品、家電品向けプレス金型の設計・製作,厚板抜き、深絞り等、成形困難部品のプレス金型化試作及びプレス金型設計製作,プレス内搬送用設備治具（トランスファー用フィンガー、ラインペーサー用ハンドリング・アタッチメント、アイドル台、パレット等のマテハン）の設計・製作,https://www.nc-net.or.jp//company/26439/
65,GATE ASIA,金型部品（インジェクション、プレス、アルミダイカスト、ゴム等）,自動機部品・治工具（自動化設備、FA設備、治工具）,金型一式（インジェクション、プレス、アルミダイカスト、ゴム等）,https://www.nc-net.or.jp//company/95342/
66,株式会社ミクロ発條,カテーテル(医療分野)　極細線のノウハウを生かし、どこよりも細い長尺バネの加工を実現。,接点バネ　世界シェア５０%。銀メッキによる加工やダブルトーション他の異形状も安定量産。,ボールペンチップバネ。世界シェア７０%。中性ペン、新油性ペンのボール押さえバネ。自社製マシーンの特徴をフルに発揮。,https://www.nc-net.or.jp//company/73957/
67,山青精密工業有限会社,部品加工、切削加工、機械加工 プレス金型部品加工 精密鋳造,金属加工  機械加工全般  金型製作   簡易金型・試作金型 精密鋳造,精密機械部品、自動化設備部品  治工具  プレス金型設計製作 精密鋳造,https://www.nc-net.or.jp//company/93905/
68,"C.M.Sales Co.,Ltd.",スチールパレットの設計・製造,金属加工  機械加工全般  金型製作   簡易金型・試作金型 精密鋳造,精密機械部品、自動化設備部品  治工具  プレス金型設計製作 精密鋳造,https://www.nc-net.or.jp//company/94026/
69,株式会社瑞穂スプリング製作所,金属プレス　精密ばねの製造,人材派遣　人材紹介　業務委託,精密プレス金型製作販売,https://www.nc-net.or.jp//company/91826/
70,八和エレック株式会社稲沢工場,"制御盤,配電盤製作",鈑金・塗装・機械加工,機械設計・製作,https://www.nc-net.or.jp//company/71841/
71,旭工業株式会社,食品製造機械の製造及び販売,食品事業に係る機械の製造及び販売並びに販売代理,新エネルギー及び省エネルギー事業に係る機械、部品の製造及び販売並びに販売代理,https://www.nc-net.or.jp//company/88330/
72,紀和テクニカルワークス  株式会社,各種自動化機械,省力化機械,治具等の設計製作 及びメンテンス,https://www.nc-net.or.jp//company/94079/
73,株式会社ダイシン機工,NC旋盤による精密部品加工,マシニング加工（縦）精密部品加工,NCフライス（縦）精密加工,https://www.nc-net.or.jp//company/75817/
74,協栄プリント技研株式会社,精密プレス金型  [ 設計・製造・販売 ],微細加工部品 [ 製造・販売 ],NCフライス（縦）精密加工,https://www.nc-net.or.jp//company/89513/
75,有限会社今西鉄工所,精密板金加工,半導体製造装置,制御管理装置,https://www.nc-net.or.jp//company/80946/
76,株式会社松田精工,精密板金塗装,半導体製造装置,制御管理装置,https://www.nc-net.or.jp//company/88761/
77,共栄電工株式会社高田工場,半導体製造装置関連部品,医療・分析機器関連部品,原子力・航空宇宙関連部品,https://www.nc-net.or.jp//company/75290/
78,株式会社日本ﾃﾞｻﾞｲﾝｴﾝｼﾞﾆｱﾘﾝｸﾞ,3D金型設計/NCデータサービス,製品設計/3次元モデリング/2D図面作成,CAD/CAM立ち上げ支援・教育等,https://www.nc-net.or.jp//company/5611/
79,株式会社WBI,試作品製造,３Dモデリング,設計支援,https://www.nc-net.or.jp//company/90224/
80,三陽アキュラシー株式会社,航空機用部品,高精度サーボモーター用減速機,半導体ガス用制御調整機,https://www.nc-net.or.jp//company/89961/
81,株式会社タケパーツファクトリー,NC旋盤加工、難削材加工、NＣ複合旋盤加工 加工コンサルティング,半導体・産業機械・医療機器・鉄道・船舶・バルブ・原子力・自動車関連・航空機,インコネル・ハステロイ・チタン・コバール等の難削材加工、アリ溝・偏芯、セレーション・研磨レス等の高精度加工,https://www.nc-net.or.jp//company/91425/
82,株式会社ヤサカ,プラスチック金型設計製作,各種金型部品製作、修理,プレス部品試作（切削品）,https://www.nc-net.or.jp//company/89621/
83,株式会社アルテック,プラスティック射出成形・試作品,プラスチック加工,ゴム加工・成形取扱,https://www.nc-net.or.jp//company/79121/
84,国友熱工株式会社,真空浸炭,ガス浸炭,焼入れ焼戻し,https://www.nc-net.or.jp//company/80293/
85,株式会社蔵持,FPCや電子部材を抜き加工するプレス金型、真空成形品のトリム加工用３次元プレス金型,FPC・COF等電子回路及び電子部材の加工・検査・組立,フィルムや接着テープ等のスリット、ラミネート、プレス加工,https://www.nc-net.or.jp//company/92267/
86,Hayashi,機械設備／検査装置／治具の設計製造,評価試験（部品の各種評価試験等）,既存設備の改造 、オーバーホール、メンテンナス,https://www.nc-net.or.jp//company/95294/
87,ソテック株式会社,異形線強力ばね「ダイスプリング」,丸線標準ばね「トライスプリング」,ばねの試作、特注品承ります,https://www.nc-net.or.jp//company/80591/
88,株式会社マルイチマシン,"アルミ切削,アルミ加工,マシニング,コストダウン,長野県、安曇野市、複合旋盤、ワイヤーカット、短納期品、特急品",フライス試作品、研究材料加工,精密三次元加工,https://www.nc-net.or.jp//company/78116/
89,FUJILLOY,超硬合金製の耐摩耗工具・金型の製造販売,引抜ダイス・プラグ、各種ロール,精密三次元加工,https://www.nc-net.or.jp//company/92598/
90,LSIクーラー株式会社,高性能ヒートシンク 「コームフィット」,ヒートシンク　放熱フィン　アルミ加工品,パネル部品　ケース部品,https://www.nc-net.or.jp//company/84225/
91,NISSEI USHIYAMA,ソレノイド,シリコーン ファイバーグラス チューブ,ヒート シュリンク チューブ（熱収縮チューブ）,https://www.nc-net.or.jp//company/92714/
92,株式会社フジタ,アルミ鋳鍛造型（四輪用アルミホイール）,アルミ鍛造金型,プレス金型・ブロー成形金型,https://www.nc-net.or.jp//company/71142/
93,株式会社三栄プラテック,プラスチック板のR曲げ加工,真空成形(車両内装部品、医療機器部品、工業用部品),塩ビ製、PP製洗浄槽などの工業用部品,https://www.nc-net.or.jp//company/79426/
94,横山機工株式会社,米国Flow（フロー）社製ウォータージェット切断加工機の販売　【関西・関東地区販売代理店】,ウォータージェットカッターによる受託切断賃加工（難削材可）,工作機械、切削工具、厳選中古ハイテク機器その他生産財の販売,https://www.nc-net.or.jp//company/87287/
95,ファクトリーネットワークアジアタイランド,製造業向けマッチングサービス,ウォータージェットカッターによる受託切断賃加工（難削材可）,工作機械、切削工具、厳選中古ハイテク機器その他生産財の販売,https://www.nc-net.or.jp//company/92526/
96,三陽工業株式会社,動力伝達機器の設計・製作・販売,動力伝達機器の各種サービス,動力伝達機器の輸出入,https://www.nc-net.or.jp//company/92297/
97,Shinjo Vietnam Company Limited,溶接ナット,ピアスナット,動力伝達機器の輸出入,https://www.nc-net.or.jp//company/94348/
98,株式会社NCネットワークベトナム,ベトナム現地調達,協業支援,市場調査,https://www.nc-net.or.jp//company/86081/
99,明星電気株式会社,両面テープ・粘着テープ・機能性フィルムやシートの精密抜き加工から貼り合わせ加工まで一貫対応,PET等の樹脂・ガラスなどの基材とOCA等の光学系材料や機能性フィルムの真空貼り合わせ加工,基板検査装置、治具等のハード及びソフト設計、開発,https://www.nc-net.or.jp//company/92435/
100,株式会社東新製作所,板金加工、製缶加工、レーザー加工,アルゴン溶接、ステンレス溶接、チタン、アルミ溶接、チタン溶接,製缶、ホッパー、ダクト、タンク等設計・製造,https://www.nc-net.or.jp//company/78033/
101,東莞凱路汽車工業有限公司,5軸複合加工精密機械加工,EV自動車関連切削加工部品,自動化装置パーツ自動機パーツ、ゲージ類、検査治工具など設計加工及び組立,https://www.nc-net.or.jp//company/81362/
102,森産業株式会社,マシニング加工,NC旋盤加工,Tig溶接,https://www.nc-net.or.jp//company/73913/
103,SHOKOHTECHタイ工場,金属加工,板金加工,機械製作,https://www.nc-net.or.jp//company/80501/
104,株式会社鈴木研磨,精密研削加工,精密部品,治工具製作,https://www.nc-net.or.jp//company/92997/
105,NKワークス株式会社,チャック/センター/バイス,ツールホルダー/切削工具,クーラント装置/機械・周辺機器,https://www.nc-net.or.jp//company/90575/
106,COMINIX,切削工具、耐摩工具、精密測定器の販売及び開発と技術サポート,住友電工ハードメタルタイランド,ナチテクノロジータイランド,https://www.nc-net.or.jp//company/92705/
107,"Siam Nistrans Co., Ltd.",航空貨物・海上貨物取扱業、倉庫業、国内トラック輸送業、 コンテナ輸送業、通関業、梱包業（自動車部品、ＫＤ部品、 新機種などの車輌輸出梱包、緊急・出張梱包）,機械設備搬入作業、展示会搬入・搬出作業など,ナチテクノロジータイランド,https://www.nc-net.or.jp//company/92719/
108,山田工業株式会社,●オフィス家具の製造販売,●インテリア家具の製造販売,●エクステリア関係の製造販売,https://www.nc-net.or.jp//company/88804/
109,共栄汎用機サービス株式会社,溶射：新品、欠損部、または磨り減った母材に硬質の金属粒子を  溶射することにより、強力な皮膜を形成し、耐久性を向上させます。,バランス修正：各種回転体の偏心を補正し、偏摩耗、騒音を防ぎます。溶射後、機械加工 し寸法に合わせてからの計測が当社で全て行えます。,大手遠心分離機メーカー,https://www.nc-net.or.jp//company/84378/
110,信光工業株式会社,黒色めっき,無電解ニッケルめっき,部分めっき,https://www.nc-net.or.jp//company/89192/
111,"SHOWA DENKI（THAILAND) CO., LTD.",送風機・ミストコレクター・集塵機,無電解ニッケルめっき,部分めっき,https://www.nc-net.or.jp//company/89769/
112,日立Astemo宇城株式会社,焼結部品の製造,焼結部品の2次加工,自動車、バイク、ボートなどの重要／機能部品,https://www.nc-net.or.jp//company/89281/
113,"Ayasan Service Co., Ltd.",人材派遣,焼結部品の2次加工,自動車、バイク、ボートなどの重要／機能部品,https://www.nc-net.or.jp//company/93890/
114,中島精管工業株式会社,ニッケル　コバール　チタン　モリブデン　タンタル等の精密管,無酸素銅　黄銅　ステンレス　ｍ物およびコイル精密管　各種指定サイズ,精密シャフト　各種パイプ絞り加工　切削加工　穴あけ加工,https://www.nc-net.or.jp//company/5585/
115,株式会社カノウプレシジョン,プレス金型および金型部品：プレス深絞りを始めとするプレス金型製品の金型設計から製作、組み立て、試作、製品テストまで一貫して対応しており、超硬パンチの製作も得意です。,FA自動省力化設備精密機械加工部品：自動車関連自動化設備備品などの日本の大手自動機専門メーカー様をはじめ専用機メーカー様に精密機械加工部品を提供しています。,AGガラス、ゴリラガラス、ドラゴントレイルなどカバーガラスをお客様希望計形状で対応いたします,https://www.nc-net.or.jp//company/91517/
116,神谷理研株式会社,各種装飾めっき(装飾クロムめっき、金色めっき、サチライトニッケルめっき)、電解研磨,各種機能めっき(亜鉛ニッケル合金めっき、銅めっき、銀めっき、金めっき、スズめっき、無電解ニッケルめっき、硬質クロムめっき、黒クロムめっき、ハンダめっき),樹脂成形及びハードコート処理,https://www.nc-net.or.jp//company/49500/
117,株式会社唐沢製作所,自転車用ブレーキ製造,車椅子用ハブブレーキ製造,福祉関連機器製造,https://www.nc-net.or.jp//company/46299/
118,Tomeco Mechanic - Electrical Service Joint Stock Company,遠心ファン、軸流ファン、環境処理装置,機械部品,OEM部品,https://www.nc-net.or.jp//company/87689/
119,バンブートライ株式会社,プラスチック射出成形,プラスチック金型設計製作,シルクスクリーン印刷,https://www.nc-net.or.jp//company/29221/
120,有限会社Co khi va tu dong hoa cong nghiep,じぐ,ローラー、コンベヤー,生産の自動化設備,https://www.nc-net.or.jp//company/88469/
121,浅野金属工業株式会社,ステンレス鋳物の鋳造の受注生産,ステンレス耐酸鋼による鋳鋼品の鋳造の受注生産,ステンレス耐熱鋼による鋳鋼品の鋳造の受注生産,https://www.nc-net.or.jp//company/29104/
122,日本フッソ工業株式会社,フッ素樹脂コーティング／ライニング業務,大手石油化学メーカー　他,ステンレス耐熱鋼による鋳鋼品の鋳造の受注生産,https://www.nc-net.or.jp//company/92726/
123,株式会社プログレス,高精度ダイカスト鋳造,高精密金型製作,薄物ダイカスト一般,https://www.nc-net.or.jp//company/70596/
124,松田鉄工株式会社,パイプ加工製品　棒鋼加工製品　ロウ付け加工製品　三次元曲げ加工製品　溶接加工製品,ガス配管パイプ、給湯器用銅パイプ、SUSパイプ製品,各種切削加工部品,https://www.nc-net.or.jp//company/81014/
125,オーエム産業株式会社,精密めっき（スズ、金、銀、フープ）,めっき技術開発（粉末、セラミック、黒鉛、マグネシウムなど）,一般部品へのめっき（亜鉛、ニッケル、スズ）,https://www.nc-net.or.jp//company/46423/
126,"THAI MORISHITA CO.,LTD.",一般締結部品の販売,インサートナットの販売,特殊ねじの販売,https://www.nc-net.or.jp//company/93621/
127,大連庫莱斯涛電子有限会社,精密機械加工部品、治具・金型及び部品製作,非標準自動化設備及び設備組立,電子回路半付け及び電子部品販売。,https://www.nc-net.or.jp//company/90091/
128,深セン市鑫雅精密制品有限公司,FA機器用切削加工品　,機械部品（各種類機械用、モーター用、ドーロン等）,医療機器部品,https://www.nc-net.or.jp//company/94988/
129,Kobayashi Kako,フォークリフト関連の部品加工・治具製作,多品種・小ロットの部品製作,輸送機器部品関係,https://www.nc-net.or.jp//company/95216/
130,"Alberry Asia Co., Ltd.",企業法務、企業コンサルティング、会計・税務,ビジネスマッチング,現地事務所・工場候補地調査・選定,https://www.nc-net.or.jp//company/95474/
131,マテックス株式会社,遊星歯車減速機・変速機,電動アクチュエーター,射出成形品・金型,https://www.nc-net.or.jp//company/73819/
132,OHTA PRECISION,カメラ、ズームレンズ向け光学部品、医療機器部品、顕微鏡、カメラ付属品等,自動車、プリンタ等複写機向けモーターコンポーネント,ディスクドライブ部品,https://www.nc-net.or.jp//company/91050/
133,"NIPPON CUTTING & WELDING EQUIPMENT CO.,LTD",工業ガス用圧力調整器　レギュレータ　減圧弁,ガス溶断機器　吹管,ﾚｰｻﾞ、ﾌﾟﾗｽﾞﾏ、ｶﾞｽNC切断機,https://www.nc-net.or.jp//company/93885/
134,㈲大友機械製作所,据付用　ﾗｲﾅｰ(平、ﾍﾞｰｽ、シム)　ﾃｰﾊﾟｰﾗｲﾅｰ　各種,産業用または工作機械内、精密部品,索道関連部品,https://www.nc-net.or.jp//company/92044/
135,株式会社オータマ,パーマロイ加工品　（板金・切削・絞り・パイプ・プレス）,高性能磁気シールドルーム・チャンバー・ケース・ボックス,磁界測定　/ 磁気シミュレーション / 磁性焼鈍,https://www.nc-net.or.jp//company/84533/
136,株式会社よしいけ工業所,精密微細金属加工（小ロット～量産まで）,旋盤加工,転造ダイスの製造,https://www.nc-net.or.jp//company/79439/
137,山旺理研,硬質クロムめっき,無電解ニッケルメッキ,バフ研磨,https://www.nc-net.or.jp//company/93040/
138,飯山精器株式会社,NC自動旋盤による、複合旋削加工品,熱処理後の研磨・ﾊｰﾄﾞﾀｰﾆﾝｸﾞを含めた油圧バルブ内臓部品,ｺﾊﾞｰﾙ・ﾁﾀﾝ等難削材の旋盤加工,https://www.nc-net.or.jp//company/49196/
139,株式会社ニッコークリエート,鋳物製品鋳造加工,アルミダイカスト鋳造加工,洗浄機設計製造,https://www.nc-net.or.jp//company/64303/
140,有限会社望月エム・アンド・エムズ,フライス盤オーバーホール,旋盤オーバーホール,研削盤オーバーホール,https://www.nc-net.or.jp//company/84603/
141,株式会社MAC,各種産業機械設計・製作・部品・改造・修理,機械保守,雑貨,https://www.nc-net.or.jp//company/77084/
142,株式会社エムジー,車載用コントロールパネル、コネクター,プラスチックマグネット,文具、医療,https://www.nc-net.or.jp//company/76477/
143,株式会社メカテック,特注切断機、自動機の設計・製作,FA装置、治工具の設計・製作,ロボットティーチング・メカトロ制御・シーケンサ制御,https://www.nc-net.or.jp//company/49263/
144,株式会社宮木製作所,景観施設（公園・テーマパーク・会館など）に関連したアルミ鋳物製品及び部品,ビル・店舗の外装建材（カーテンウォールなど）に関するアルミ鋳物製品及び部品,建築・住宅建材（フェンス・門扉・機能門柱など）アルミ鋳物製品及び部品,https://www.nc-net.or.jp//company/84354/
145,株式会社竹中,FC２５０～FCD８００＿鍛造＿トラック部品加工・組み立て,アルミ＿鋳物＿ダイキャスト加工,建機＿鉄道部品＿ロボット部品加工,https://www.nc-net.or.jp//company/80611/
146,IDEA MACHINERY MANUFACTURING JSC,部品加工製作・作自動機・生産設備製作,アルミ＿鋳物＿ダイキャスト加工,建機＿鉄道部品＿ロボット部品加工,https://www.nc-net.or.jp//company/94321/
147,株式会社石川工業所,精密板金加工(曲げ加工、溶接加工),金属製品表面処理：塗装(焼付・粉体)、表面処理,アッセンブリー組立,https://www.nc-net.or.jp//company/48895/
148,株式会社中遠熱処理技研,浸炭・浸炭窒化・焼入れ・ガス軟窒化・真空熱処理,連続光輝焼準・焼鈍,アルミ熱処理,https://www.nc-net.or.jp//company/92061/
149,株式会社トーテック,錫めっき,錫 - 銀　合金めっき,貴金属めっき,https://www.nc-net.or.jp//company/47624/
150,株式会社呉匠,金属・樹脂の切削加工、試作部品の製作,曲げ型・検査治具・装置の設計・製作,自動車ドア開閉総合検査具の設計製作、原発廃炉ロボットの部品、各種工作機械、搬送機などの精密部品の製作,https://www.nc-net.or.jp//company/91777/
151,株式会社佐文工業所,ミシン部品,医療機器部品,切削、研削加工部品,https://www.nc-net.or.jp//company/89122/
152,秋山精鋼株式会社,精密機械、電子機器の特殊鋼の2次加工品,快削鋼、ステンレス鋼、中炭素鋼、高炭素鋼,非鉄金属研磨（自動盤で主に使用されるバー・コイル製品）,https://www.nc-net.or.jp//company/90245/
153,"Manufacture Overhaul Rapid and Optimal Co., Ltd.",機械修理・オーバーホール・予防保全・改造,オートメーション、冶具、専用機、装置の設計・製作,特殊な機械の販売・設置・アフターサービス,https://www.nc-net.or.jp//company/94274/
154,株式会社羽根田商会,外国産及国産品の機械、工具の輸入及販売,外国産及国産特殊鋼の輸入及販売,各種セラミック製品の製作及び各種表面処理の請負,https://www.nc-net.or.jp//company/77159/
155,株式会社有吉商店名古屋本社工場,国内、海外フレコンの自社製造、直販　各種(食品、化学、帯電防止、産廃用等）全てに対応、一回使用の通いフレコンに必要なコストカットにも対応,3R対応フレコン自立スタンド（既製フレコンにも対応。どんな希望サイズでも製造致します。,各種中古フレコン販売、メンテナンス,https://www.nc-net.or.jp//company/79715/
156,株式会社阪井金属製作所,海外調達部品,切削加工製品,板金加工品,https://www.nc-net.or.jp//company/74667/
157,キョーワ・システム株式会社,中小企業向けコンサルティングサービス,外国人 人材紹介業務,日本人　海外事業経験者紹介業務,https://www.nc-net.or.jp//company/91684/
158,横尾精密工業株式会社,HDD部品製造,精密部品製造,光学部品製造,https://www.nc-net.or.jp//company/47343/
159,有限会社クリタ,時計部品(樹脂メッキ、金属)等、目視検査,電気製品組立・梱包・メンテナンス,時計・カメラ部品、配管器具等の色埋め、色入れ,https://www.nc-net.or.jp//company/78867/
160,株式会社テクノス,プラスチック金型製作,金型部品製作,時計・カメラ部品、配管器具等の色埋め、色入れ,https://www.nc-net.or.jp//company/78495/
161,櫻井精密工業株式会社,通信関連精密部品加工,医療機器部品加工,OA機器部品加工,https://www.nc-net.or.jp//company/72894/
162,株式会社渋谷製作所埼玉工場,"金型設計製作,主に400トン程度までのPRG型、社内生産型、海外向け金型設計、製作","自動車部品プレス,組立",暖房部品(ストーブ)部品製造、シ―ム溶接を主体としたASSY,https://www.nc-net.or.jp//company/1181/
163,株式会社飯塚鉄工所,ポンプ・バルブ部品の加工から組立,医療機器部品の加工,その他一般機械部品の加工,https://www.nc-net.or.jp//company/75646/
164,フジプラスチック工業株式会社,精密プラスチック金型設計製作,精密プラスチック成形品,金型部品・治具,https://www.nc-net.or.jp//company/46050/
165,株式会社Ring,精密順送プレス・プラスチック金型製造,精密プレス・インサート成形加工・精密プラスチック成形加工,精密金型部品・電子部品製造販売,https://www.nc-net.or.jp//company/74665/
166,株式会社桶谷製作所,五面加工,大型マシニング(高速アルミ加工),OK,https://www.nc-net.or.jp//company/72246/
167,株式会社菊和,自動車用ダイカスト鋳造加工,精密ダイカスト鋳造加工,建築金物用ダイカスト鋳造加工,https://www.nc-net.or.jp//company/47328/
168,スギヤマ技研株式会社,電子機器(電卓、携帯、プリンター、デジカメ、DVD等),熱流体解析、構造解析,試作製作、少ロット（１００個以内）製造、海外生産請負,https://www.nc-net.or.jp//company/78769/
169,伸和工材株式会社,①「成型機用断熱板」「金型断熱板」の「NCルーター」及び「マシニング」による図面加工。 更には、ご要望に応じ 「 板厚精度 」 の要求にも、おこたえしています。,②生産ラインで使用される工業用途の ヒーター 及び 電気炉 の「断熱材」や、センサー等 機器を 遮熱保護 するための「断熱材」を 数は一つから図面加工致します。,③紙ベーク・布ベーク・エポキシガラス・シリコンガラスの「薄物」の「絶縁材」について切削加工から抜物加工まで承っております。,https://www.nc-net.or.jp//company/79043/
170,扶桑鋼管株式会社,特殊鋼鋼管全般,鋼管素材の加工,鋼管周辺製品の輸出入,https://www.nc-net.or.jp//company/68449/
171,株式会社ヨシテック,部材加工（レーザ切断・ブレーキプレス曲げ・ロールベンディング曲げ）,製作（製缶・機械加工・塗装・組立）,海外調達（韓国・中国）,https://www.nc-net.or.jp//company/75946/
172,株式会社マテリアル,材料販売,機械加工製品,光造形,https://www.nc-net.or.jp//company/76866/
173,株式会社サクセス,精密機械加工部品,機械加工製品,光造形,https://www.nc-net.or.jp//company/71169/
174,株式会社ビワ化工,射出成形品,発泡成形品,光造形,https://www.nc-net.or.jp//company/68974/
175,平田化工株式会社,射出成形(可)精密プラスチック製品製造,射出成形(硬)精密プラスチック製品製造,同上、金型設計、製作,https://www.nc-net.or.jp//company/29091/
176,株式会社生生製作所,各種自動機　設計製作,精密部品（少量多品種から量産）,樹脂成型,https://www.nc-net.or.jp//company/87814/
177,大誠精機株式会社,液晶パネル、ディスプレイ関連部品,半導体関連部品,樹脂成型,https://www.nc-net.or.jp//company/72533/
178,朝日株式会社,"各種小家電製品：ヘッドホン,LEDライト、短波ラジオ",精密機械加工、樹脂製品、金型,国際貿易,https://www.nc-net.or.jp//company/84259/
179,株式会社姫路鍍金工業所,アルミ、銅上への無電解ニッケル,亜鉛めっき,新技術　ナノ粒子めっき法,https://www.nc-net.or.jp//company/69708/
180,甲府精鋲株式会社,特殊冷間圧造加工部品,M1.0以下のミニチュアねじ,オリジナルねじ供給機,https://www.nc-net.or.jp//company/46123/
181,クローバー電子株式会社,ECR,POS周辺機器,プリンター付き電卓,https://www.nc-net.or.jp//company/87424/
182,株式会社さくら電子,電子機器開発（ハード・ソフト開発）から完成品まで。電子回路設計,プリント基板設計・基板試作・基板実装・ハーネス・ケーブル,LED安全ベストなどの安全商品の販売・熱中症対策商品の販売,https://www.nc-net.or.jp//company/63031/
183,株式会社多加良製作所,精密インサート成形品　及び　同金型,精密プレス品、射出成形品　及び　同金型,半導体用トランスファ金型、装置,https://www.nc-net.or.jp//company/77267/
184,コトブキテクレックス株式会社,塔槽、熱交換器等の圧力容器の設計、製作、メンテナンス、現場工事。石油、化学工場の熱交換器リチュービング工事。,食品、飲料、酒類、バイオ、医薬、樹脂コンパウンド等向けのサニタリー、粉体機器の設計、製作、メンテナンス、現場工事。,チタン、ニッケル合金、クラッド鋼を用いた化学機械の設計、製作、メンテナンス、現場工事。,https://www.nc-net.or.jp//company/82082/
185,株式会社メクウエル,中・大型部品加工,海外調達(素材、製品とも),チタン、ニッケル合金、クラッド鋼を用いた化学機械の設計、製作、メンテナンス、現場工事。,https://www.nc-net.or.jp//company/69178/
186,東英工業株式会社,海外受託生産,電子機器量産,精密機器量産,https://www.nc-net.or.jp//company/84494/
187,日正電計株式会社,半導体関連製品の検査,クリーンルーム関連製品の海外調達,その他電気製品検査,https://www.nc-net.or.jp//company/12429/
188,有限会社日成工業,トロイダルチョークコイル,電源、高周波トランス,海外製造品等の受入、出荷検査、包装,https://www.nc-net.or.jp//company/59883/
189,株式会社作石製作所小牧工場,プラスチック・ダイカスト金型設計・製作,MC加工,海外発注代行・メンテナンス,https://www.nc-net.or.jp//company/76822/
190,ジャパントゥエンティワン株式会社,海外の特殊ソフトウエア提供,商品企画・販売企画,自動車の後付衝突警報装置の卸・販売,https://www.nc-net.or.jp//company/47293/
191,株式会社エムアイモルデ,自動車部品射出成形金型（ドアトリム、フロントピラー、センターパネル、スピーカグリル＜樹脂パンチング金型、樹脂メッシュ金型＞などのオーディオ関連部品等）,各種試作暫定工法対応,海外調達・海外メンテ,https://www.nc-net.or.jp//company/63719/
192,株式会社成和,建築金物、オリジナル製品の設計、製作、施工,高品質量品、海外調達,金属工事、エクステリア工事,https://www.nc-net.or.jp//company/74929/
193,大網梱包株式会社,国内＆海外向け梱包（木枠梱包、木箱梱包、強化段ボール梱包）,物流業務（保管・物流加工・輸送）,資材販売（梱包・包装に関わる資材全般）,https://www.nc-net.or.jp//company/88514/
194,福助機工株式会社,製缶機械加工,3次元加工,搬送装置,https://www.nc-net.or.jp//company/5354/
195,株式会社オーバル,機械,非鉄金属加工機,非鉄金属部品,https://www.nc-net.or.jp//company/87132/
196,株式会社益岡製作所,O-リング,ゴム成型品,ゴム焼き付け商品,https://www.nc-net.or.jp//company/72922/
197,株式会社光佐,3次元測定　ATOSを使用したリバースエンジニアリング・製品測定・STLデータ作製・CAE解析,海外産（韓国・中国など）の金型の補正(玉成・熟成・修正)・メンテナンス,新規プレス金型の設計・製作,https://www.nc-net.or.jp//company/80052/
198,Mehul Industries,3次元測定　ATOSを使用したリバースエンジニアリング・製品測定・STLデータ作製・CAE解析,海外産（韓国・中国など）の金型の補正(玉成・熟成・修正)・メンテナンス,新規プレス金型の設計・製作,https://www.nc-net.or.jp//company/86895/
199,有限会社人力車,機械加工部品,鋳物,金型,https://www.nc-net.or.jp//company/89456/
200,株式会社創和技研工業,展示会用品,ディスプレイ,各種パーツ,https://www.nc-net.or.jp//company/73281/
201,Pilot Techno Cast,展示会用品,ディスプレイ,各種パーツ,https://www.nc-net.or.jp//company/86745/
202,谷振股分有限会社,半導体設備・自動化設備・医療関連装置等のカバー、ボックス、フレーム、筐体、板金パーツ等,精密板金の設計から加工、組立、梱包出荷まで社内一貫生産をしております。小ロットから量産まで承っております。,日本語話せるスタッフが数名在籍！海外取引実績あり,https://www.nc-net.or.jp//company/92509/
203,株式会社ナガオエンジニアリング,プレス機械及び周辺装置、工作機械のエンジニアリング,ロボット及び送り装置,修理、電気関連の近代化,https://www.nc-net.or.jp//company/63685/
204,株式会社 沼省,1. 自動金型、特にトランスファ金型 。丸物、精密絞り用金型が得意,2. プレス周辺の省力化装置、特にトランスファユニット、プレスを中心としたトータルシステム,3. 海外向けプレス関連のトータルシステムの納入実績多数有り。,https://www.nc-net.or.jp//company/68468/
205,Arrowfill Pack Machinery,1. 自動金型、特にトランスファ金型 。丸物、精密絞り用金型が得意,2. プレス周辺の省力化装置、特にトランスファユニット、プレスを中心としたトータルシステム,3. 海外向けプレス関連のトータルシステムの納入実績多数有り。,https://www.nc-net.or.jp//company/87020/
206,Pratham Hydraulics,1. 自動金型、特にトランスファ金型 。丸物、精密絞り用金型が得意,2. プレス周辺の省力化装置、特にトランスファユニット、プレスを中心としたトータルシステム,3. 海外向けプレス関連のトータルシステムの納入実績多数有り。,https://www.nc-net.or.jp//company/87016/
207,有限会社イデアブレーン,薄肉射出成形加工全般/精密射出成形金型製造/海外生産,2. プレス周辺の省力化装置、特にトランスファユニット、プレスを中心としたトータルシステム,3. 海外向けプレス関連のトータルシステムの納入実績多数有り。,https://www.nc-net.or.jp//company/84703/
208,株式会社中央ハイテック,精密プラスチック金型設計・製作,精密プラスチック射出成形・組立,つり用品開発販売,https://www.nc-net.or.jp//company/91545/
209,エーピーエヌ株式会社,基板設計,基板製造・実装,開発支援,https://www.nc-net.or.jp//company/45982/
210,ユニテック工業株式会社,電動シリンダー、ジャッキ、同調シリンダ,油圧リフタ、油圧式トラック傾斜角装置,計量機械、省力化機械,https://www.nc-net.or.jp//company/93541/
211,有限会社ヨシカワ,油圧部品製造,海外旅行対応プラグアダプター,ラジコンパーツ、ラジコンエンジン,https://www.nc-net.or.jp//company/84295/
212,株式会社アイティシー,メタルコア基板・FPC販売,PCB・FPC設計製作組立,海外PCBメーカーの代理(輸出入),https://www.nc-net.or.jp//company/29123/
213,協立精工株式会社,精密小型モーター部品,ブルーレイ用光学ピックアップ部品,半導体用パワートランジスタ部品,https://www.nc-net.or.jp//company/89363/
214,ＬＫツーリングデザイン,高速精密プレス金型設計,順送金型設計,金型部品及びプレス部品の海外調達,https://www.nc-net.or.jp//company/78024/
215,福山合成株式会社,自動車用ランプ部品、自動車内外装部品、住宅用分電盤部品,医療用機器部品、弱電用部品、,農業資材、家庭用雑貨品etc,https://www.nc-net.or.jp//company/93340/
216,Desai Coatings Industries,自動車用ランプ部品、自動車内外装部品、住宅用分電盤部品,医療用機器部品、弱電用部品、,農業資材、家庭用雑貨品etc,https://www.nc-net.or.jp//company/86980/
217,株式会社アキオカ,鋳造,鋳鉄,ダクタイル鋳鉄,https://www.nc-net.or.jp//company/80125/
218,株式会社ケイケイ,射出成形,金型設計・製作,組立,https://www.nc-net.or.jp//company/79968/
219,株式会社エス・アイ・エンジニアリング,プラスチック金型設計,プラスチック金型製造,射出成形,https://www.nc-net.or.jp//company/47884/
220,大正精機工業株式会社,自動車関係,ＯＡ機器,工業製品,https://www.nc-net.or.jp//company/5587/
221,株式会社制電社,各種制御盤/操作盤の設計及び製作、現地SV、ソフト開発,印刷機・紙工機械・交通システム・航空輸送機器・排水処理設備・塗装設備・造船,粉体設備・発電設備 ・産業機械設備,https://www.nc-net.or.jp//company/93574/
222,株式会社 プラネックス名古屋営業所,簡易型などの射出成形試作,3Dﾌﾟﾘﾝﾀｰ造形、光造形、ナイロン造形,切削加工品,https://www.nc-net.or.jp//company/73857/
223,フェザーフィールド株式会社,FRP部品・製品の設計・製作,樹脂成型・ゴム成型・木型製作,金属加工・各種メッキ,https://www.nc-net.or.jp//company/76983/
224,株式会社松下製作所,精密プレス金型・及びプレス加工、治工具設計・製作,精密プレス部品加工(電子機器部品、OA機器部品、自動車制御部品),海外生産・コイルバネ始めました！,https://www.nc-net.or.jp//company/34385/
225,三友精機株式会社,プラスチック射出成形金型,精密部品加工,ダイカスト金型,https://www.nc-net.or.jp//company/21369/
226,三和テック株式会社,産業用ポンプ・バルブ部品,医療機器用部品,自動車用 　部品,https://www.nc-net.or.jp//company/88732/
227,フルタニモールディング株式会社,・自動車部品用金型をはじめとする各種産業用ゴム射出成形金型、各種産業用樹脂射出成形金型（主にマツダ、トヨタ自動車、ホンダ向け）,・自動車部品およびスポーツ用品をはじめとする各種産業用樹脂射出成形品,株式会社ニフコ,https://www.nc-net.or.jp//company/93371/
228,タカオ株式会社,公園施設(公園遊具、学校・幼稚・保育園遊具、運動遊具、健康遊具、野球場製品 等) ,景観施設(シェルター、パーゴラ、ベンチ、時計塔、車止め、展望台、トイレ 等) ,商業施設(サイン、モニュメント、デッキ、レプリカ、室内遊具 等) ,https://www.nc-net.or.jp//company/87216/
229,日本モリマー株式会社,住宅設備・建材(浴室・洗面部材、外装建材),販促（SP)製品・キャラクターグッズ,屋内外用ベンチ・椅子,https://www.nc-net.or.jp//company/5500/
230,IDEA TECHNOLOGY （低コストのCAD図面作成支援専門企業）,"低コストで２D,3DCADより3次元モデリング、３Dモデリング、3Dモデル、トレース、部品バラシ",格安の部品切削加工、設備製造受託,海外のベトナムでのモノ作り支援,https://www.nc-net.or.jp//company/84595/
231,武田工業有限会社,PRG型,深絞型,金型純正部品,https://www.nc-net.or.jp//company/83637/
232,有限会社オガワデザインシステム,Pro/Eによるプラスチック製品設計,3次元データによる試作製作,工業デザイン,https://www.nc-net.or.jp//company/70719/
233,北総システムズ有限会社,ハンドプレス（K-02シリーズ）,ハンドプレス（JO-50）,エアープレス（FR-200型/FR-500型,https://www.nc-net.or.jp//company/85901/
234,株式会社 松坂電機製作所,インサート成形品・光学成形品,電子部品,売金型・試作品,https://www.nc-net.or.jp//company/50564/
235,株式会社ユーシン,専用機の設計、部品加工、組立、配線、調整、据付までの一貫製作　及び　専用機、冶工具の部品加工,専用機、冶工具の部品加工　及び　専用機、冶工具の構想・機構設計、制御設計,自社海外生産工場（フィリピン、中国）,https://www.nc-net.or.jp//company/70594/
236,CTWEL（シー・ティー・ウェル株式会社）,"車・バイクの部品, 鉄構造物, 造船関連の部品、セメント工場の設備、水力発電所の設備, 圧力の容器, 電気のボックスとパネル、",CNCソフトウェア、造船設計ソフト,AWS規格による溶接技師の養成とその技師の海外への派遣,https://www.nc-net.or.jp//company/84606/
237,有限会社コスモプラスチック工業,各種樹脂による塔　・　槽、耐食部品　テフロン溶接部品,理化学関係実験機器・半導体関連筐体、槽加工・耐食パイプユニット,旋盤・フライス等切削、溶接、組み立加工、修理,https://www.nc-net.or.jp//company/81861/
238,日新電装株式会社,電源装置製造,周波数変換装置製造,旋盤・フライス等切削、溶接、組み立加工、修理,https://www.nc-net.or.jp//company/76699/
239,株式会社 Co khi dien Long Giang,電気ボックス,カバー,ケープルトレイ,https://www.nc-net.or.jp//company/85274/
240,株式会社Nhom Song Hong,シャッター,自動車部品,ケープルトレイ,https://www.nc-net.or.jp//company/88423/
241,魚岸精機工業株式会社,自動車用大型ダイカスト金型,鋳鍛造金型,ホイール金型,https://www.nc-net.or.jp//company/3039/
242,安田精工株式会社,順送プレス金型設計・製作,トランスファープレス金型設計・製作,電子部品金型設計・製作,https://www.nc-net.or.jp//company/39079/
243,有限会社三森興産,鉄屑加工処理,鉄リサイクル,スクラップ買取,https://www.nc-net.or.jp//company/80437/
244,日東化工機株式会社,環境装置(脱臭装置、排ガス洗浄装置),集塵装置、耐食装置、機器類、製缶、板金,各種ライニング工事、PVC、FRPその他設計製作品,https://www.nc-net.or.jp//company/74187/
245,株式会社Nhua Dong Nai,樹脂パイプ,マッチ,各種ライニング工事、PVC、FRPその他設計製作品,https://www.nc-net.or.jp//company/88620/
246,株式会社 MTV Tam Huu,鍛造品、熱処理,マッチ,各種ライニング工事、PVC、FRPその他設計製作品,https://www.nc-net.or.jp//company/87775/
247,Aqua Care RO Systems,鍛造品、熱処理,マッチ,各種ライニング工事、PVC、FRPその他設計製作品,https://www.nc-net.or.jp//company/86912/
248,マツイ電子株式会社,プリント基板　部品実装,プリント基板　パターン設計,プリント基板　基板製造,https://www.nc-net.or.jp//company/93831/
249,株式会社大成金属工業所,《材料調達》国内材だけでなく海外ではPOSCO材や良質な中国材を独自のルートで一括仕入れしておりますので、うまくはまれば国内市価の6割ほどの値段で調達可能。,《機械加工・溶接製罐》300～500mmの小型の加工から5mクラスのターニングなど各種機械加工に対応。当社では優秀なケガキ職人を有するため、穴あけなどは他社の約半額で見積もりが可能です。,プリント基板　基板製造,https://www.nc-net.or.jp//company/87256/
250,タカギテクノ株式会社（旧社名：高木照明工業）,精密板金加工,YAGレーザー溶接,ステンレス板金部品,https://www.nc-net.or.jp//company/69302/
251,チハラ産業株式会社,各種鋼材販売,各種工作機械販売,ステンレス板金部品,https://www.nc-net.or.jp//company/79063/
252,株式会社カイバラ本社工場,各種ブッシュ,各種油圧部品,各種ウォームホイル,https://www.nc-net.or.jp//company/80700/
253,株式会社 FAST（ファスト）,プラスチック金型　設計　製作　試作成形,各種油圧部品,各種ウォームホイル,https://www.nc-net.or.jp//company/5084/
254,東葛樹脂工業株式会社本社工場,精密規格歯車,合成樹脂射出成形,金型の設計・製作,https://www.nc-net.or.jp//company/62388/
255,田中軽工業株式会社,パイプ・板金加工,ロボット溶接,金型・治具,https://www.nc-net.or.jp//company/60364/
256,有光工業股分有限公司,板金,溶接,塗装,https://www.nc-net.or.jp//company/71466/
257,奥瑪電子廠中国工場,防犯機器、環境機器製造,"電子部品製造,組立",基板実装、ワイヤーボンディング、ＳＭＴ,https://www.nc-net.or.jp//company/72784/
258,旭電機設備工業株式会社,自動制御装置設計・製作,制御盤設計・製作,各種ハーネス・プラント設計・電装工事・調整,https://www.nc-net.or.jp//company/80875/
259,Extreme Automation,自動制御装置設計・製作,制御盤設計・製作,各種ハーネス・プラント設計・電装工事・調整,https://www.nc-net.or.jp//company/86852/
260,ハマサン株式会社,溶接用機械器具,制御盤設計・製作,各種ハーネス・プラント設計・電装工事・調整,https://www.nc-net.or.jp//company/80627/
261,有限会社Bao bi xuat khau va thuong mai Van Thanh,段ボール,制御盤設計・製作,各種ハーネス・プラント設計・電装工事・調整,https://www.nc-net.or.jp//company/88566/
262,有限会社Thuong mai va San xuat Hung Long Lang Son,スイッチ,制御盤設計・製作,各種ハーネス・プラント設計・電装工事・調整,https://www.nc-net.or.jp//company/88471/
263,山陽精工株式会社医療機器事業,設計・製造受託サービス,制御盤設計・製作,各種ハーネス・プラント設計・電装工事・調整,https://www.nc-net.or.jp//company/94391/
264,宏明技研有限会社,熱可塑プラスチック部品製造・組み立て,プラスチック超音波溶着製品製造・組み立て,熱硬化プラスチック製品(FRP)製造,https://www.nc-net.or.jp//company/46746/
265,イトコー株式会社,ステンレス・チタン鋳鋼品,耐熱鋳鋼品,各種特殊合金鋳鋼品,https://www.nc-net.or.jp//company/46070/
266,ソーラー工業株式会社,プラスチック金型設計,プラスチック金型製造,プラスチック射出成形試作,https://www.nc-net.or.jp//company/78201/
267,桃原金型工作所,精密工業部品の樹脂金型,医療関係の樹脂金型,金型修理,https://www.nc-net.or.jp//company/65026/
268,フジハツ工業株式会社,金属製品製造・組立,医療関係の樹脂金型,金型修理,https://www.nc-net.or.jp//company/80873/
269,中島ノズル株式会社,制御装置(ガバナー),ディーゼル用燃料噴射装置,水槽用温度制御装置,https://www.nc-net.or.jp//company/46760/
270,株式会社オークコーポレーション,精密機械等梱包,車両梱包,木箱作成・組立,https://www.nc-net.or.jp//company/69689/
271,上海六藏貿易有限公司,炭化水素系洗浄剤,グリコール系洗浄剤,超音波洗浄機,https://www.nc-net.or.jp//company/85615/
272,福井精機工業,ベアリング樹脂リテーナー（保持器）,インサート樹脂部品（ステアリング、ステーター関係）,オイルが自動的に染み出す固形潤滑剤,https://www.nc-net.or.jp//company/89648/
273,三信金属株式会社,ステンレス、チタン、アルミ、その他非鉄金属（棒、線、板、帯、パイプ、異形等）,切削部品加工,各種金属材料の貿易取引（輸出入、三国間）,https://www.nc-net.or.jp//company/47816/
274,"イーシェン精密/YI-XUAN PRECISION CO.,LTD.",インサートナット（斜目・アヤメなど各種ローレットや、つばありも可能）,クリンチングファスナー（ナット・スペーサーなど）,真鍮・アルミ・ステンレスなどの各種切削品,https://www.nc-net.or.jp//company/90982/
275,グロービアインターナショナル株式会社,glovia G2,クリンチングファスナー（ナット・スペーサーなど）,真鍮・アルミ・ステンレスなどの各種切削品,https://www.nc-net.or.jp//company/84742/
276,株式会社光金型製作所,プラスチック射出成型用金型,機械加工部品,小ロットプラスチック成型品,https://www.nc-net.or.jp//company/65857/
277,株式会社大和三光製作所,工業用乾燥機製造,汚泥焼却設備製造,熱処理装置製造,https://www.nc-net.or.jp//company/35813/
278,岐阜精器工業株式会社,精密深絞り加工/プレス金型,マシニング/旋盤加工,精密板金/MIM/樹脂加工.etc,https://www.nc-net.or.jp//company/94416/
279,株式会社和模型工房,■建築・機械・土木・プラント・設備等模型,機械・プラント模型製作,建築模型製作,https://www.nc-net.or.jp//company/89087/
280,トーケン樹脂化学株式会社,化学品製造業,機械・プラント模型製作,建築模型製作,https://www.nc-net.or.jp//company/94140/
281,"THAI CASTING PRODUCT CO.,LTD.",製鉄所,機械・プラント模型製作,建築模型製作,https://www.nc-net.or.jp//company/95323/
282,三金螺子工業株式会社,冷間鍛造・熱間鍛造・パイプ類,機械・プラント模型製作,建築模型製作,https://www.nc-net.or.jp//company/92517/
283,ユニオン電機株式会社,抵抗溶接機、スポット溶接機、ヒュージング溶接機、バット溶接機、コンパクティング溶接機、,自動機・省力機械、溶接トランス、タングステン、電極研磨機、ストランドワイヤ、ジャンパー線,電極材料（アルミナ分散強化銅・タングステン・モリブデンなど）,https://www.nc-net.or.jp//company/92097/
284,日本電産コパル株式会社,カメラ用シャッター　モーター　部品,自動機・省力機械、溶接トランス、タングステン、電極研磨機、ストランドワイヤ、ジャンパー線,電極材料（アルミナ分散強化銅・タングステン・モリブデンなど）,https://www.nc-net.or.jp//company/87426/
285,株式会社深井製作所,embrella®（エンブレラ）,自動車用プレス部品,金型、設備、治具,https://www.nc-net.or.jp//company/89709/
286,武杉製作所,ロストワックス加工,精密鋳造,チタン合金加工,https://www.nc-net.or.jp//company/94383/
287,CBC AB PRECISION,射出成形金型の設計・製作・改造・メンテナンス,精密金型パーツ製作、金属パーツの製作、加工,プラスチック射出成形品量産成形,https://www.nc-net.or.jp//company/94278/
288,株式会社トーコー技研,プレス金型、プレス部品加工、試作・レーザー加工、自動車用部品,深絞り金型（薄板・厚板）、トランスファー型、順送型,バフ研磨、アルマイト、アッセンブリ,https://www.nc-net.or.jp//company/72187/
289,株式会社和田製作所,バスバー等銅の電気部品（パワエレ・EV車等）,深絞り加工、精密プレス加工全般、切削加工,BOX等の板金溶接,https://www.nc-net.or.jp//company/71673/
290,株式会社ナノソフト,3DQuickPress（プレス金型設計ソフトウェア）,IMOLD（プラスチック金型設計ソフトウェア）,3DQuickForm（プレス製品ブランク展開シミュレーション）,https://www.nc-net.or.jp//company/84773/
291,KYOSEI FACTORY,金属箔へのケミカルフォトエッチング加工　(銅合金・ステンレス・その他・金属素材全般),金属部品への塗装・めっき・各種表面処理　(電解研磨・化学研磨・拡散接合品),半導体関連ユニオンシリーズ製品の輸入販売、ITC商社機能,https://www.nc-net.or.jp//company/88715/
292,株式会社ティエフティ,プリント基板,プリント基板実装,半導体関連ユニオンシリーズ製品の輸入販売、ITC商社機能,https://www.nc-net.or.jp//company/87223/
293,岩谷マテリアル株式会社,耐熱性に優れた特殊アルマイト処理,硬さと離形性を備えた皮膜処理,樹脂コーティング,https://www.nc-net.or.jp//company/87221/
294,株式会社 CGTech,NCシミュレーションソフトウェア　VERICUT（ベリカット）,硬さと離形性を備えた皮膜処理,樹脂コーティング,https://www.nc-net.or.jp//company/30011/
295,"Meesinsup Technology Co., Ltd.",電子回路基板を組み立てています,硬さと離形性を備えた皮膜処理,樹脂コーティング,https://www.nc-net.or.jp//company/95274/
296,株式会社ムラキ,精密切削加工,コネクター部品,HDD部品,https://www.nc-net.or.jp//company/47034/
297,株式会社阪口製作所,自動車安全部品,コネクター部品,HDD部品,https://www.nc-net.or.jp//company/69346/
298,Varuney Mfg. Industries,自動車安全部品,コネクター部品,HDD部品,https://www.nc-net.or.jp//company/87017/
299,聯合科技発展有限公司祈福新村工場,冷蔵庫,電子レンジ,洗濯機,https://www.nc-net.or.jp//company/74564/
300,雅コンフェクト,機械部品全般,電子レンジ,洗濯機,https://www.nc-net.or.jp//company/78391/
301,日本羽毛製造株式会社,羽毛ふとん,ダウンパック,カバー類,https://www.nc-net.or.jp//company/46426/
302,株式会社美光技研,スピン仕上げ・ヘアライン仕上げ・スピンライン仕上げ,お客様オリジナル研磨模様,デザインスピン仕上げ・デザインヘアライン仕上げ,https://www.nc-net.or.jp//company/94630/
303,SMC株式会社,空気圧制御システム,お客様オリジナル研磨模様,デザインスピン仕上げ・デザインヘアライン仕上げ,https://www.nc-net.or.jp//company/83730/
304,SHIVA ENGINEERING CO.,空気圧制御システム,お客様オリジナル研磨模様,デザインスピン仕上げ・デザインヘアライン仕上げ,https://www.nc-net.or.jp//company/86764/
305,株式会社藤電気 （FRP、樹脂、配線ASSYの専門企業）,素材部門 （熱硬化性樹脂、熱可塑性樹脂、電線・チューブ）,加工部門（電機機器・開閉器・溶接機・床下機器向け絶縁部品、FRPクリート、メッキ槽関連、耐薬品絶縁部品、電設用、半導体関連）,ASSY部門（面状ヒーター、洗面化粧台防雲ヒーター、温室用ヒーター、キッチン用配線部品、洗面化粧台用配線部品、電機機器用配線部品、バッテリーフォークリフト向け充電プラグ）,https://www.nc-net.or.jp//company/95405/
306,富士岐工産株式会社北九州工場,管構造物　設計・製作・据付,圧力容器　設計・製作・据付,各種溶射加工,https://www.nc-net.or.jp//company/48619/
307,日進精機株式会社,精密順送プレス量産部品と金型,リフレックス・リフレクター成形品と金型,CNCフリーフォームパイプベンダー,https://www.nc-net.or.jp//company/1285/
308,株式会社ナディック,プレス金型設計,シートゲージ、チャート,パイプ内面バリ無しプレス穴あけ技術,https://www.nc-net.or.jp//company/5093/
309,富士岐工産株式会社大分事業所,SUS、FRP、塩ビ配管やダクト類 製作・据付,各種溶射による機械部品補修,各種溶射による現地補修,https://www.nc-net.or.jp//company/48623/
310,平和産業株式会社,精密試作加工,3Dソフトの加工,各種溶射による現地補修,https://www.nc-net.or.jp//company/69225/
311,株式会社ハイタック,深穴加工・ガンドリル加工,ホーニング加工 （精密仕上げ加工）,外形加工 / マシニング加工　,https://www.nc-net.or.jp//company/85016/
312,株式会社サンユー,工作機械部品(長尺シャフト・軸物・フランジ物),特殊鋼加工,深穴加工（歪取り含む）,https://www.nc-net.or.jp//company/48603/
313,株式会社冨士精工,精密プラスチック金型設計製造,精密プラスチック成形加工,液晶テレビ製造販売,https://www.nc-net.or.jp//company/79662/
314,株式会社ヒロテック,ダイアフラムポンプ,温度コントロールバス,ワイヤ伸長式変位センサ,https://www.nc-net.or.jp//company/85706/
315,株式会社三ツ知,冷間圧造,切削加工,組み立て,https://www.nc-net.or.jp//company/68905/
316,ヒラサワ機工株式会社本社工場,金型部品加工,超精密丸ピン加工,金型設計製作,https://www.nc-net.or.jp//company/47821/
317,アサヒ電器工業株式会社,高密度表面実装,試作・少ロットの基板組立,プリント基板の改造・修理,https://www.nc-net.or.jp//company/72189/
318,株式会社日乃本錠前,プレス,ダイカスト,樹脂成形,https://www.nc-net.or.jp//company/46662/
319,株式会社高岡工業所,機械修理,メンテナンス,据付,https://www.nc-net.or.jp//company/33445/
320,"C.K. MACHINE TOOL CO., LTD.",板金切断機,板金プレス機,板金折り機,https://www.nc-net.or.jp//company/90304/
321,株式会社共立鋳造所,"各種鋳物(鋳鉄,SUS,青銅,黄銅,アルミ製)製品製造",機械(SS)部品製造,美術工芸品,https://www.nc-net.or.jp//company/78949/
322,明興電工株式会社電子部豊富工場,ワイヤーハーネス,導体加工,電子機器類アセンブリ,https://www.nc-net.or.jp//company/74562/
323,井上スプリング和田山工場,引きバネ,トーションバネ,押しバネ,https://www.nc-net.or.jp//company/73807/
324,Apex Electricals,引きバネ,トーションバネ,押しバネ,https://www.nc-net.or.jp//company/86915/
325,UNISIATECH,精密部品加工,プラスチック成型,プレス加工,https://www.nc-net.or.jp//company/68714/
326,Shree Techno Engineers,精密部品加工,プラスチック成型,プレス加工,https://www.nc-net.or.jp//company/86960/
327,有限会社ハ-シ,板金・プレス,タイヤモールド製造,"鍛造,熱処理,",https://www.nc-net.or.jp//company/81848/
328,有限会社タムラ精工,400*1000*600=Z/X/Y  ケース,焼き入れ金型,"鍛造,熱処理,",https://www.nc-net.or.jp//company/69185/
329,芝電化株式会社,偏向ヨーク,トランス用ボビン,トランスAssy,https://www.nc-net.or.jp//company/5639/
330,"JSR ENTECH CO.,LTD.",ミツトヨマシン、測定器、手工具,研削工具、 切削工具、 油圧装置,トランスAssy,https://www.nc-net.or.jp//company/93963/
331,有限会社共同設計企画,ACF自動貼付装置,FPD外観検査装置,トランスAssy,https://www.nc-net.or.jp//company/86016/
332,有限会社クドー精工,300㌧クラス順送プレス金型,FPD外観検査装置,トランスAssy,https://www.nc-net.or.jp//company/74918/
333,建名精密企業股份有限公司,コネクター金型部品キャビティ・ーコア,医療器材,電子関連成形部品,https://www.nc-net.or.jp//company/91640/
334,有限会社San xuat Thuong mai Dich vu Thinh Khang,工業用樹脂製品,家庭用樹脂製品,電子関連成形部品,https://www.nc-net.or.jp//company/88632/
335,Flasky Electrical & Engineering Pte Ltd,精密機械加工製品,鍛造・鋳造部品の二次加工製品,ヒートシンク,https://www.nc-net.or.jp//company/76202/
336,株式会社シー・エム・ジー,トレーニング器具,トレーニング器具製作・組み立て,日焼けマシン,https://www.nc-net.or.jp//company/74139/
337,日興電具株式会社,電子部品販売,トレーニング器具製作・組み立て,日焼けマシン,https://www.nc-net.or.jp//company/75769/
338,株式会社テッククリエイト,電子部品自動組立機,治工具,日焼けマシン,https://www.nc-net.or.jp//company/84090/
339,スギエンジニアリング,難削材、金属、樹脂、超硬、等の機械加工,治工具,日焼けマシン,https://www.nc-net.or.jp//company/87168/
340,第一金属株式会社,ばね材料：ピアノ線、硬鋼線、ばね用ステンレス（線・板・帯）,材料加工：直線カット、面取り、尖頭、スリッター、メッキ,課題解決力長年にわたる取引で培われた経験・知識：,https://www.nc-net.or.jp//company/78217/
341,アークテック株式会社,券売機用部品,自動改札機部品,精密治具・洗浄カゴ,https://www.nc-net.or.jp//company/3038/
342,Jour  de  anjaricu,レディース・メンズ アパレル全般,ユニフォーム・スポーツベスト・ペット用洋服,ネームプレート・ブックカバー・しおり(金属可),https://www.nc-net.or.jp//company/84646/
343,KANSAI TECHNO,水門、除塵機,養殖池向け水攪拌用ギヤーボックス各種,一般産業用機械、工場設備,https://www.nc-net.or.jp//company/45788/
344,"FINE TECHNIX CO.,LTD","TFT-LCD  Chassis 製造及び LED 照明、灯器具一体製造,販売","TV用 圧出バー , Monitor, Note PC ","Tablet PC用 Chassis , モバイル用 Hinge, Sidekey",https://www.nc-net.or.jp//company/87764/
345,株式会社 尾川パイプ,ステンレス・SGP白黒鋼管製規格パイプニップル,ステンレス・鋼管製規格ソケット,別注オーダーメイドニップル,https://www.nc-net.or.jp//company/89189/
346,株式会社ラヴォックス,工作機械、電子機器、制御基板修理サービス,電子機器、基板設計開発、試作、量産,医療機器製造販売業,https://www.nc-net.or.jp//company/84858/
347,株式会社中島電機製作所,モーター／発電機／エンジン,電子機器、基板設計開発、試作、量産,医療機器製造販売業,https://www.nc-net.or.jp//company/92749/
348,オヂヤセイキ株式会社,ねじゲージ,リングゲージ,エアマイクロメータ,https://www.nc-net.or.jp//company/95165/
349,株式会社東洋レンズ岩手工場,デジカメ用レンズ,レーザーピックアップレンズ,ビデオ用レンズ,https://www.nc-net.or.jp//company/74568/
350,多摩川精機株式会社,高精度角度センサー、シンクロ,サーボモータ,官庁向け特殊制御装置,https://www.nc-net.or.jp//company/70819/
351,株式会社ジーエス・ユアサテクノロジー,自動車用バッテリー,産業用バッテリー,特殊バッテリー,https://www.nc-net.or.jp//company/80924/
352,"TP MACHINE PARTS CO., LTD.",自動車部品,空調部品,特殊バッテリー,https://www.nc-net.or.jp//company/94138/
353,日本ゲージ株式会社,自動計測装置,シャフト曲がり矯正機,ギヤチェッカー,https://www.nc-net.or.jp//company/79491/
354,桜総業株式会社,ワイヤーハーネス製造,表面実装基板加工,ギヤチェッカー,https://www.nc-net.or.jp//company/5721/
355,エヌテクノロジー株式会社,ＣＡＤビューワ,3次元データ共有サービス,ギヤチェッカー,https://www.nc-net.or.jp//company/74904/
356,SOMBOON ADVANCE TECHNOLOGY PUBLIC COMPANY LIMITED,自動車産業向け自動車部品の製造,3次元データ共有サービス,ギヤチェッカー,https://www.nc-net.or.jp//company/95310/
357,koyo電子,プログラムブルコントローラ,ロータリエンコーダ,近接スイッチ,https://www.nc-net.or.jp//company/74068/
358,有限会社宮川製作所,ソレノイドコイル,電機部品組み立て,近接スイッチ,https://www.nc-net.or.jp//company/75066/
359,オリエンタルコマース,板金塗装用消耗品、ポリシート・マスカー・容器,建築・自動車・園芸・農業用養生シート及びポリ袋,食品・産業用包装資材・フィルム製造・加工,https://www.nc-net.or.jp//company/84025/
360,GC-NET,精密自動機部品,精密金型部品,一般自動機部品,https://www.nc-net.or.jp//company/94966/
361,有限会社CC Japan,アルミ・ステンレス製金属部品加工,精密金属加工,板金加工,https://www.nc-net.or.jp//company/81032/
362,ワボウ電子株式会社浅井工場,プリント基板の実装・製品組立,半導体部品の組立製造,ソーラー部品の加工製造,https://www.nc-net.or.jp//company/49643/
363,株式会社東邦製作所戸塚工場,非破壊検査を伴うフランヂ口金具製造,免震ゴム支承用金型設計・製作,ベルトコンベヤ用コンベヤクリーナー製作・販売,https://www.nc-net.or.jp//company/58770/
364,株式会社新興技術研究所,自動化機械、設備,省力化機械,メカトロニクス技術教育機器,https://www.nc-net.or.jp//company/33413/
365,Apollo Machinery,自動化機械、設備,省力化機械,メカトロニクス技術教育機器,https://www.nc-net.or.jp//company/86863/
366,日比野化学工業株式会社,ユニットバス,浄化槽,エアロパーツ,https://www.nc-net.or.jp//company/73674/
367,株式会社上島製作所,摩耗試験機,加硫試験機,超低温ガス発生装置,https://www.nc-net.or.jp//company/91973/
368,株式会社アキラ金型大阪,自動車のハーネス・スピーカー金型,家電製品(冷蔵庫・食洗機・パソコン・テレビなど),携帯電話・MP3・小物透明部品・文具など,https://www.nc-net.or.jp//company/78918/
369,協和シール工業株式会社,Oリング,パッキン,携帯電話・MP3・小物透明部品・文具など,https://www.nc-net.or.jp//company/85649/
370,有限会社San xuat Xay dung va Xuat nhap khau Nguyen Vinh,六角網,マスクのカバー,自動車のライト,https://www.nc-net.or.jp//company/88440/
371,株式会社I・H・S,電子機器の設計、製造,マスクのカバー,自動車のライト,https://www.nc-net.or.jp//company/88481/
372,株式会社 インターモールド,内装品型全般：天井、フロアカーペット、トランクトリム、ダッシ、INSULATOR等、,マスクのカバー,自動車のライト,https://www.nc-net.or.jp//company/85861/
373,HI TOOL,OA&amp;AV 外装品金型,自動車外装品金型,機構部品精密金型,https://www.nc-net.or.jp//company/72582/
374,Renown Industries,OA&amp;AV 外装品金型,自動車外装品金型,機構部品精密金型,https://www.nc-net.or.jp//company/86885/
375,株式会社ムトウ,自動車部品内外装、メーター、集中スイッチ,複写機の筐体、内装部品金型,他社製金型メンテナンス,https://www.nc-net.or.jp//company/20893/
376,藤伍精機株式会社,精密順送プレス型設計・開発・製作,微細試作・Assy試作など多種試作品・精密治具,順送プレス加工品,https://www.nc-net.or.jp//company/83436/
377,株式会社マツシマメジャテック,マイクロ波レベル計,サウンジング,ダンパモータ,https://www.nc-net.or.jp//company/81488/
378,株式会社牛窪鋳造所,強靭鋳鉄,ダクタイル鋳造,機械加工,https://www.nc-net.or.jp//company/81798/
379,株式会社滝田,精密板金加工、溶接、組立,計装筐体板金、溶接、組立,プレス加工、プレス金型製作,https://www.nc-net.or.jp//company/75038/
380,株式会社巧工業,ステンレスネジの大量電解研磨,高速めっき技術,屈曲パイプへの内面めっき,https://www.nc-net.or.jp//company/70622/
381,株式会社日盛精密,金型,射出,プラスチック金属製作,https://www.nc-net.or.jp//company/80907/
382,YONT PHOL DEE FOUNDRY,精米機,米の品質試験装置,小型精米機,https://www.nc-net.or.jp//company/89771/
383,名北工業株式会社,航空機用材料の在庫、切断販売,﻿﻿,浸透探傷検査請負,https://www.nc-net.or.jp//company/94648/
384,三栄精工株式会社,精密切削加工,精密ネジ加工,浸透探傷検査請負,https://www.nc-net.or.jp//company/58712/
385,松下工業 株式会社,表面処理加工(フッソ樹脂コーティング、溶射),産業用機械製造販売,産業用資材販売,https://www.nc-net.or.jp//company/45998/
386,KOHBYO,特殊精密ネジ,圧造シャフト,圧造リベット,https://www.nc-net.or.jp//company/74821/
387,協和電機化学株式会社,合成樹脂成形加工,電子機器、部品製造,圧造リベット,https://www.nc-net.or.jp//company/47693/
388,イーテック株式会社,携帯電話,カーオーディオ全般,液晶モジュール,https://www.nc-net.or.jp//company/73683/
389,宮川化成工業株式会社金型部,プラスチック射出成型用金型,カーオーディオ全般,液晶モジュール,https://www.nc-net.or.jp//company/72567/
390,株式会社 荒畑ステンレスパイプ,精密ステンレスパイプ製造,荒畑の折畳み物干し台,ステンレス塔婆立,https://www.nc-net.or.jp//company/46482/
391,有限会社藤原製作所,プラスチック金型　設計　製作,ブロー金型　設計　製作,ステンレス塔婆立,https://www.nc-net.or.jp//company/47131/
392,株式会社田中製作所,工業用アナログ温度計,デジタル温度計,デジタル湿度計,https://www.nc-net.or.jp//company/50581/
393,森山工業株式会社,チタン、ニッケル、タンタルの溶接加工,食品、半導体、医薬品等のサニタリ配管,特殊金属による製缶、熱交換器の製作,https://www.nc-net.or.jp//company/43712/
394,株式会社河辺商会,自動車機構部品・電装部品,オーディオ・ビデオ・カメラ部品,特殊金属による製缶、熱交換器の製作,https://www.nc-net.or.jp//company/83178/
395,株式会社プラネックス前橋工場,3次元モデルの作成,加工図面等の作成,成形金型設計,https://www.nc-net.or.jp//company/77392/
396,Topcon Engineering,3次元モデルの作成,加工図面等の作成,成形金型設計,https://www.nc-net.or.jp//company/86878/
397,アイ・ティー・エス・ジャパン株式会社,ドイツ　ＧＡＢＯ社　動的粘弾性装置Eplexor　,イギリス Imatek社　ツイン・キャピラリィ・レオメーターR6000,イギリス Imatek社　衝撃試験機　IMシリーズ,https://www.nc-net.or.jp//company/83373/
398,タニコー株式会社原町工場,業務用食器洗浄機,イギリス Imatek社　ツイン・キャピラリィ・レオメーターR6000,イギリス Imatek社　衝撃試験機　IMシリーズ,https://www.nc-net.or.jp//company/80038/
399,中野精密株式会社,電子部品（コネクター）,精密部品（カメラ部品）,治工具,https://www.nc-net.or.jp//company/67155/
400,フジインターナショナル株式会社,産業用ワイヤーハーネス,民生用ワイヤーハーネス,アセンブリ製品設計製造,https://www.nc-net.or.jp//company/74507/
401,株式会社ティーズトラストコーポレーション,切削部品,ガラス・断熱材,金型・成形部品,https://www.nc-net.or.jp//company/91252/
402,有限会社秀和工業,金属・非金属　加工,メカ・ユニット組立,PVC配管組立,https://www.nc-net.or.jp//company/72587/
403,株式会社大西熱学,環境試験室,カロリーメータ,PVC配管組立,https://www.nc-net.or.jp//company/83385/
404,日本ハイコム株式会社,生産技術コンサルタント,生産設備の設計、制作,ハイコム式マイクロ波加熱装置の設計・制作・販売,https://www.nc-net.or.jp//company/79365/
405,株式会社マイクロ電子,マイクロメタル,フェライトコアビ-ズ,fair-rite,https://www.nc-net.or.jp//company/66132/
406,株式会社三洋マシナリー,センタレス研削盤,台湾製工作機械,中古機械,https://www.nc-net.or.jp//company/89356/
407,株式会社サトー,バーコードプリンタ,自動ラベリング装置,ラベル・紙・カード印刷製品,https://www.nc-net.or.jp//company/81768/
408,ラドデバイス株式会社,フォトダイオード,光学薄膜フィルター,ラベル・紙・カード印刷製品,https://www.nc-net.or.jp//company/31068/
409,株式会社カワムラ,ワイヤーハーネス製造,光学薄膜フィルター,ラベル・紙・カード印刷製品,https://www.nc-net.or.jp//company/58755/
410,山川成形工業株式会社,半導電スポンジローラー成型,シリコーンゴム成型,ラベル・紙・カード印刷製品,https://www.nc-net.or.jp//company/51980/
411,アールエスティエンジニアリング 株式会社,電子計測器,シリコーンゴム成型,ラベル・紙・カード印刷製品,https://www.nc-net.or.jp//company/60664/
412,株式会社キャロットコーポレーション,小径超硬ドリルの加工機械,ドリル研磨機,洗浄機,https://www.nc-net.or.jp//company/74452/
413,日本シールド株式会社浦和工場,電磁波シールドルーム製造,ラインフィルター製造,洗浄機,https://www.nc-net.or.jp//company/47649/
414,"NAWA INTERTECH CO.,LTD.",プラスチック押し出し,金属鍛造作業,洗浄機,https://www.nc-net.or.jp//company/95241/
415,前畑精機,パーツフィーダー,ツーリングメーカー,洗浄機,https://www.nc-net.or.jp//company/89146/
416,株式会社八光電装,デジタルスケール販売,ハーネス製造機械周辺機器開発販売,ハーネス製造中古設備販売,https://www.nc-net.or.jp//company/47206/
417,インターナショナルサービス株式会社,中古機械,"プラスチック金型,ダイカスト金型",ロストワックス,https://www.nc-net.or.jp//company/60591/
418,株式会社ツチモト,コンテナーバック,"プラスチック金型,ダイカスト金型",ロストワックス,https://www.nc-net.or.jp//company/95018/
419,三洋貿易株式会社,ー,"プラスチック金型,ダイカスト金型",ロストワックス,https://www.nc-net.or.jp//company/83383/
420,株式会社アジアディライトテクノロジー大田事務所,ＭＩＬ規格コネクタ、スイッチ、ケーブルハーネス、プリント基板,プリント基板(リジット基板、フレキ基板、アルミ基板対応),成型、金型、切削、アルミ加工、(金型パーツ対応)、各種組立て対応,https://www.nc-net.or.jp//company/81590/
421,株式会社セイロアジアネット,工作機械,プリント基板(リジット基板、フレキ基板、アルミ基板対応),成型、金型、切削、アルミ加工、(金型パーツ対応)、各種組立て対応,https://www.nc-net.or.jp//company/83507/
422,グローリープラン株式会社,木製椅子,木製テーブル,その他木製家具,https://www.nc-net.or.jp//company/71758/
423,ハリキ精工株式会社,精密切削部品,木製テーブル,その他木製家具,https://www.nc-net.or.jp//company/85862/
424,Sunmach Machinery,精密切削部品,木製テーブル,その他木製家具,https://www.nc-net.or.jp//company/86981/
425,有限会社羽後製作所,電源トランスEI19～ＥＩ１１４まで対応。,コイル製品,スイッチングトランス,https://www.nc-net.or.jp//company/83921/
426,NAKAMURA KAGAKU,プラスチック成型用附帯設備全般、材料乾燥装置（ホッパードライヤ）、金型温度調節機、冷却機など,コイル製品,スイッチングトランス,https://www.nc-net.or.jp//company/92607/
427,Ishita Industries,プラスチック成型用附帯設備全般、材料乾燥装置（ホッパードライヤ）、金型温度調節機、冷却機など,コイル製品,スイッチングトランス,https://www.nc-net.or.jp//company/87055/
428,合資会社徳亜大連事業所,木材加工機械,K型ムービングプレナー,部品加工,https://www.nc-net.or.jp//company/74066/
429,"KOHBYO（THAILAND）CO,.LTD",精密ヘッダーパーツ（φ0.8-20.0）,ねじ　M1.2~M14,ねじ供給機（ネジーナ）販売,https://www.nc-net.or.jp//company/89752/
430,東莞市徳諾斯精密模具有限公司,精密成型用金型部品製作,プレス用パンチorダイ,プラスチック金型製作,https://www.nc-net.or.jp//company/91584/
431,Lucy Engineering Works Pvt. Ltd.,精密成型用金型部品製作,プレス用パンチorダイ,プラスチック金型製作,https://www.nc-net.or.jp//company/86862/
432,CHUNICHI MOLD,各種金型の設計、製造,プレス用パンチorダイ,プラスチック金型製作,https://www.nc-net.or.jp//company/92574/
433,普莱徳精密有限公司,TV関連部品,プレス用パンチorダイ,プラスチック金型製作,https://www.nc-net.or.jp//company/83879/
434,株式会社橘製作所,金型設計/製作,２色成形金型,試作・量産,https://www.nc-net.or.jp//company/89429/
435,株式会社クオリアル,製品設計受託,3D-CAD設計,3D-CADモデリング,https://www.nc-net.or.jp//company/87718/
436,日本エス・エム・テー株式会社,プリント基板への高密度実装、組立,設計、評価、製造のサポート,3D-CADモデリング,https://www.nc-net.or.jp//company/66012/
437,株式会社UACJ金属加工,自動車用コンポーネンツ,熱交換器製品,金属プレス部品,https://www.nc-net.or.jp//company/92122/
438,株式会社西尾硝子鏡工業所,セミDX　(屋外で使用できる簡易防湿加工の鏡),デザインガラスの制作,フィルム加工,https://www.nc-net.or.jp//company/81687/
439,株式会社コンサス,ステンレス製バルブ,サニタリーバルブ,レバーロックカップリング,https://www.nc-net.or.jp//company/67165/
440,"Fuji Blastech（Thailand） Co., Ltd.",サンドブラスト装置の設計・製作、テスト加工,サニタリーバルブ,レバーロックカップリング,https://www.nc-net.or.jp//company/90014/
441,株式会社JBYインターナショナル,工業用部品,医療用部品,弦楽器パーツ,https://www.nc-net.or.jp//company/78212/
442,有限会社ビリガル実業,金属プレス加工,アルミ、亜鉛、マグネシウムのダイカスト（ダイキャスト）鋳造,弦楽器パーツ,https://www.nc-net.or.jp//company/91029/
443,株式会社ＴＲＵＳＴ,精密、高難易度金型設計製作,ＣＡＤ／ＣＡＭ販売,金属プレス、樹脂製品生産販売,https://www.nc-net.or.jp//company/90824/
444,住軽商事株式会社,非鉄金属材料(板・条・管・棒・形材),非鉄金属一次加工(鋳造・鍛造・プレス・切削),非鉄金属二次加工(溶接・研磨・めっき・塗装),https://www.nc-net.or.jp//company/78144/
445,深セン市合創技術有限公司,金属部品,樹脂部品,非鉄金属二次加工(溶接・研磨・めっき・塗装),https://www.nc-net.or.jp//company/95341/
446,豊ダイカスト工業株式会社,ダイカスト,機械加工,表面処理,https://www.nc-net.or.jp//company/86006/
447,株式会社カンネツ,ウォータレス金型冷温調機製造販売,工場全体の水質・水量・水温管理システム製造施工及び配管工事,クリーンルーム・クリーンブース,https://www.nc-net.or.jp//company/81295/
448,プレシャス株式会社,プラスチック金型製造,工場全体の水質・水量・水温管理システム製造施工及び配管工事,クリーンルーム・クリーンブース,https://www.nc-net.or.jp//company/76288/
449,株式会社  サンケイケムテック本社・横浜工場,シボ加工,エッチング加工,腐蝕加工,https://www.nc-net.or.jp//company/72701/
450,"NARIDE BANGKOK CO.,LTD.",電子部品専門商社,部品調達、開発,組み立て,https://www.nc-net.or.jp//company/89881/
451,吉川化成株式会社,各種射出成形プラスチックス製品,各種射出成形プラスチックス金型,各種プラスチックス二次加工製品,https://www.nc-net.or.jp//company/92214/
452,株式会社ティー・エム・ユニティー,プリント基板設計・伝送経路シュミレーション,プリント基板製造・試作＆量産,電子部品実装・試作＆量産,https://www.nc-net.or.jp//company/84211/
453,株式会社山一,冷凍冷房用コンプレッサ部品・アキュームレータ,OA機器部品プレス加工組立,省力機器筐体,https://www.nc-net.or.jp//company/46652/
454,デンケンエンジニアリング株式会社,ICハンドラー,光造形装置,ファンクションテスタ,https://www.nc-net.or.jp//company/66011/
455,株式会社マツサカエンジニアリング多気工場,ポンプ製造,超細霧装置,高圧洗浄機,https://www.nc-net.or.jp//company/74861/
456,浪速工業株式会社,エレベ-タ-用シ-ブ製造,フォ-クリフト用パ-ツ製造,産業用減速機製造,https://www.nc-net.or.jp//company/75326/
457,大同電磁工業株式会社,スタッキングマシン,連続鋳造機,各種コンベア,https://www.nc-net.or.jp//company/85689/
458,Swastik Engineering Works,スタッキングマシン,連続鋳造機,各種コンベア,https://www.nc-net.or.jp//company/86968/
459,株式会社アドエイト,治具試作製作,連続鋳造機,各種コンベア,https://www.nc-net.or.jp//company/82036/
460,A. Kishore Industries,治具試作製作,連続鋳造機,各種コンベア,https://www.nc-net.or.jp//company/86927/
461,Redico Engineers,治具試作製作,連続鋳造機,各種コンベア,https://www.nc-net.or.jp//company/87037/
462,株式会社 エムケー・サイエンティフィック,温度計　温度ロガー　ガス検知器　オゾン計　ORP計　Pｈ計,連続鋳造機,各種コンベア,https://www.nc-net.or.jp//company/85991/
463,有限会社ヨコテック,組み込みシステム装置（アナログ、デジタル、マイコンソフト及びＰＣ操作ソフト）,ラインセンサーカメラ,テクノハンズ株式会社,https://www.nc-net.or.jp//company/93008/
464,D.M. Engineering,組み込みシステム装置（アナログ、デジタル、マイコンソフト及びＰＣ操作ソフト）,ラインセンサーカメラ,テクノハンズ株式会社,https://www.nc-net.or.jp//company/87031/
465,有限会社棚橋鉄工,産業機械　部品加工,紛体バルブ　アッセンブリー,真空ポンプ,https://www.nc-net.or.jp//company/91884/
466,日伸工業株式会社,自動車用プレス部品,電池用プレス部品,携帯端末用プレス部品,https://www.nc-net.or.jp//company/79616/
467,新日本工業株式会社,FAシステム（自動化）設計製作、FA・自動機開発,単品・治工具部品の加工,産業用ロボットのプログラム作成、ティーチング調整,https://www.nc-net.or.jp//company/78779/
468,株式会社イワハシ,トイレ、キッチン、バス、洗濯、収納、100均製品,プラスチック製弁当箱、保存容器,エアコン用部品(プロぺラファン、シロッコファン、モーター、バブル機能部品）,https://www.nc-net.or.jp//company/35835/
469,有限会社エムアイテクニカ,固体潤滑コーティング,ピストンコーティング、チタンコーティング,Whitford社製、Xylan取扱い,https://www.nc-net.or.jp//company/46246/
470,橋本エンジニアリング株式会社,試作部品を主とする部品加工,治工具　設計・製作サービス,超軽量＆ノーメンテ　チタン製鋳造用器具「ＤＴｉ」,https://www.nc-net.or.jp//company/95448/
471,岡村機工株式会社,精密板金加工,プレス金型加工,プレス加工,https://www.nc-net.or.jp//company/33500/
472,旭モールディング株式会社,樹脂精密成型加工,樹脂精密金型製作,企画提案　CAD設計,https://www.nc-net.or.jp//company/65866/
473,株式会社キョクトー,溶接用電極製造,チップドレッサー製造,ナゲットグラフィー,https://www.nc-net.or.jp//company/46434/
474,オービー工業株式会社,精密プラスチック部品の製造販売,金型・治工具の製造販売,すべり軸受の販売,https://www.nc-net.or.jp//company/22306/
475,株式会社ゴーキン,アルミダイカスト製品鋳造,亜鉛ダイカスト製品鋳造,すべり軸受の販売,https://www.nc-net.or.jp//company/45756/
476,株式会社太陽技研東京支店,事務用機器、紙折機・コレーター・ラミネ-ター,食品関連機器,その他機械製品・アッセンブリ製造、板金加工・組立,https://www.nc-net.or.jp//company/65969/
477,株式会社ケーエムケー,プラスチック金型製造,射出成形,その他機械製品・アッセンブリ製造、板金加工・組立,https://www.nc-net.or.jp//company/78656/
478,太陽化工機有限会社,機械設計,粉・熱・ガスをコンバインした技術,化学機械技術士,https://www.nc-net.or.jp//company/70807/
479,CKデザイン有限会社,製品商品開発プロジェクト支援,オートバイ,プラスチック車椅子,https://www.nc-net.or.jp//company/24946/
480,有限会社ケイ・エム・エス,樹脂、金属NC機械加工,航空機・宇宙・ロボット部品,真空成型金型、プラグ製作,https://www.nc-net.or.jp//company/45886/
481,池田工業株式会社,精密超硬順送金型,積層コアー金型,ファインブランキング型,https://www.nc-net.or.jp//company/34411/
482,JFEプラントエンジ株式会社,開閉装置付加圧・真空圧力容器,開閉装置部品(クラッチ、パッキンなど),圧力容器メンテナンス,https://www.nc-net.or.jp//company/22366/
483,石崎プレス工業株式会社,ボタン・コイン・円筒形電池部品のプレス加工,携帯電話・自動車部品のプレス加工,服飾付属品製造販売,https://www.nc-net.or.jp//company/47116/
484,ヒロセ電子株式会社,短納期プリント基板設計・製作,BGA・CSP実装,部材調達,https://www.nc-net.or.jp//company/65070/
485,センダイ工業株式会社,粘着テープ抜き加工,粘着テープスリット加工,粘着テープラミネート加工,https://www.nc-net.or.jp//company/65247/
486,株式会社松電プロダクト,自動車用ワイヤーハーネス,電装系自動車用品,デザイン系自動車用内装製品,https://www.nc-net.or.jp//company/88473/
487,四方工業株式会社,液晶モジュールのベゼル加工,スマートフォンモジュールのベゼル,ノートパソコン用ヒンジ部品の加工,https://www.nc-net.or.jp//company/84973/
488,有限会社新生,輸出梱包、木枠梱包、木箱梱包、強化ダンボール（トライウォール）梱包サービス,木枠梱包箱、合板梱包箱、通い箱など各種梱包箱の作成,ダンボール箱、梱包資材各種の販売,https://www.nc-net.or.jp//company/84516/
489,東洋鐵芯工業  株式会社,電磁鋼板加工販売,金型用精密大型ダイセット(ミクロン精度),精密高速順送金型製造,https://www.nc-net.or.jp//company/58788/
490,カンメタエンジニアリング株式会社,防食溶射,ブラスト・ショットピーニング,非粘着コーティング,https://www.nc-net.or.jp//company/72457/
491,高盛工業,インターナル製缶,耐圧容器,特殊スクリーン溶接,https://www.nc-net.or.jp//company/77739/
492,株式会社サンドリーム,太陽電池(ソ-ラ-システム)設計製造販売,DC/ACインバ-タ-製造販売,LED電飾看板設計製造販売,https://www.nc-net.or.jp//company/47396/
493,三和研磨工業 株式会社 京都薄膜材料研究所,蒸着材料,受託成膜加工,LED電飾看板設計製造販売,https://www.nc-net.or.jp//company/47526/
494,中遠電子工業株式会社,トランス,コイル,電源装置,https://www.nc-net.or.jp//company/76216/
495,株式会社高橋製作所埼玉寄居工場,天体望遠鏡,コイル,電源装置,https://www.nc-net.or.jp//company/81655/
496,傘骨屋,洋傘・洋傘骨製造・パラソル・パラソル骨製造・特殊傘骨製造。,手作り傘キット製造,電源装置,https://www.nc-net.or.jp//company/83553/
497,振永企業社仁川工場,"ER COLLET(Tab, oil hole)CRコレット，STRAIGHT COLLET(Milling tools)SCコレット","ミーリングチャック,コレットチャック",スパナ、ナット,https://www.nc-net.or.jp//company/81978/
498,ダイナオックス株式会社,高精度中国製ステンレスパイプ,"ミーリングチャック,コレットチャック",スパナ、ナット,https://www.nc-net.or.jp//company/89102/
499,協和界面科学株式会社,接触角計表面張力計摩擦計,"ミーリングチャック,コレットチャック",スパナ、ナット,https://www.nc-net.or.jp//company/81865/
500,TEORIC,精密プレス金型部品,"ミーリングチャック,コレットチャック",スパナ、ナット,https://www.nc-net.or.jp//company/92591/
501,Rathod Enterprise,精密プレス金型部品,"ミーリングチャック,コレットチャック",スパナ、ナット,https://www.nc-net.or.jp//company/87029/
502,株式会社北川鉄工所名古屋支店,「旋盤用標準パワーチャック」「回転シリンダ」「NC円テーブル」,"ミーリングチャック,コレットチャック",スパナ、ナット,https://www.nc-net.or.jp//company/94904/
503,新興精密,プラスチック金型製作,"ミーリングチャック,コレットチャック",スパナ、ナット,https://www.nc-net.or.jp//company/91075/
504,株式会社ブルーク,精密プラスチック射出成形,精密プラスチック用金型設計製造,プラスチック部品の加工・組立,https://www.nc-net.or.jp//company/47563/
505,MINAテクノロジー株式会社,機械加工用回転工具,遊戯用関連機器,プラスチック部品の加工・組立,https://www.nc-net.or.jp//company/91579/
506,コザキ設計事務所,プラスチック金型設計,ダイカスト金型設計,検査冶具設計,https://www.nc-net.or.jp//company/88614/
507,株式会社野口製作所,射出成形精密プラスチック製品製造,半導体,金型製作・設計,https://www.nc-net.or.jp//company/24960/
508,"NAKANO PRECISION CO.,LTD",旋盤、マシニング加工及び組立,株式会社中農製作所,金型製作・設計,https://www.nc-net.or.jp//company/94054/
509,株式会社  日本ヘイズ,真空浸炭炉,真空脱脂洗浄機,金属熱処理加工,https://www.nc-net.or.jp//company/26471/
510,有限会社サントラス精機,精密プラスチック金型,プラスチック試作成形品,射出成形加工品,https://www.nc-net.or.jp//company/68462/
511,東洋精密機工株式会社,フレキシブルプリント基板用精密金型,プリント基板用精密金型,成形金型,https://www.nc-net.or.jp//company/82145/
512,株式会社マツモトベース,非金属　切削加工,樹脂　切削加工,金属　切削加工,https://www.nc-net.or.jp//company/91808/
513,東光工業株式会社,精密ギアー加工,自動車部品製造　切削全般,研磨加工,https://www.nc-net.or.jp//company/71464/
514,電研産業株式会社アキタセンター,産業機器・民生機器の基板実装から完成品組立までの多機能生産を対応します。又、次の製品販売もしています。,◆生分解緩衝材 『エコプラス』…(ISO14001対応品)の製造・販売,◆空気清浄機 『サリール』の販売…　オゾンとマイナスイオンで殺菌・脱臭,https://www.nc-net.or.jp//company/60986/
515,クマクラ工業株式会社本社工場,貯蔵・輸送・集塵設備製造販売,環境改善設備製造販売,電気設備・各機器の操作制御盤,https://www.nc-net.or.jp//company/79979/
516,光陽精機株式会社,自動車メーカー向けプレス部品、プレス搬送装置、建機部品、ポンプ部品、造船内燃機、各種産業部品等,環境改善設備製造販売,電気設備・各機器の操作制御盤,https://www.nc-net.or.jp//company/88365/
517,Master Technology,自動車メーカー向けプレス部品、プレス搬送装置、建機部品、ポンプ部品、造船内燃機、各種産業部品等,環境改善設備製造販売,電気設備・各機器の操作制御盤,https://www.nc-net.or.jp//company/86825/
518,Meera Industries Pvt. Ltd.,自動車メーカー向けプレス部品、プレス搬送装置、建機部品、ポンプ部品、造船内燃機、各種産業部品等,環境改善設備製造販売,電気設備・各機器の操作制御盤,https://www.nc-net.or.jp//company/86946/
519,Amco Motors,自動車メーカー向けプレス部品、プレス搬送装置、建機部品、ポンプ部品、造船内燃機、各種産業部品等,環境改善設備製造販売,電気設備・各機器の操作制御盤,https://www.nc-net.or.jp//company/86967/
520,Kaiwlya Chemicals,自動車メーカー向けプレス部品、プレス搬送装置、建機部品、ポンプ部品、造船内燃機、各種産業部品等,環境改善設備製造販売,電気設備・各機器の操作制御盤,https://www.nc-net.or.jp//company/86952/
521,Dhaval Engineers,自動車メーカー向けプレス部品、プレス搬送装置、建機部品、ポンプ部品、造船内燃機、各種産業部品等,環境改善設備製造販売,電気設備・各機器の操作制御盤,https://www.nc-net.or.jp//company/86982/
522,エスジーエス株式会社福島工場,精密金属プレス加工(順送・単発)及び、組立,デジタルカメラ部品（機構品・外装品）,絞り加工品,https://www.nc-net.or.jp//company/46867/
523,株式会社ホシモト,プレス加工,切削加工,亜鉛ダイカスト,https://www.nc-net.or.jp//company/49373/
524,旭興産株式会社岩国工場,液晶パネル・太陽電池製造設備(ガラス基板ハンドリング自動化ほか),粉体ミキサー,自動化機械,https://www.nc-net.or.jp//company/77060/
525,株式会社パーツ精工,機械加工,切削加工,表面処理,https://www.nc-net.or.jp//company/88388/
526,金発科技JAPAN株式会社,Engineering Plastics,Plastics Alloy,表面処理,https://www.nc-net.or.jp//company/87475/
527,高坂設計事務所,【民生製品】音響機器・マッサージ機器・車載機器・ICカードリーダRW・紙幣識別搬送機・硬貨払出機・券売機 ・電動玩具・冷凍冷蔵庫・ギヤモータ,【産業製品】バルブ・ポンプ・画像検査装置・搬送装置・デジタルオートカッター・射出成形機周辺機器・配電盤​・医療機器・鉄道車両試験装置・プラント周辺機器・金型（樹脂成型 /金属成形/プレス),【プロダクトデザイン】重電端子（鋳造）、電子タバコケース（樹脂成型）、化粧品整髪料容器（樹脂成型）、真空断熱ボトル（金属プレス）加湿器（民生）、コーヒーサーバー（産業）,https://www.nc-net.or.jp//company/94524/
528,株式会社トリコ,金属ナノパウダー（粉末）・金属ナノファイバー・金属コロイド（分散液）,ダイヤモンド粒子付パッド,ＬＥＤ直管蛍光灯,https://www.nc-net.or.jp//company/84877/
529,"ITSUWA VIETNAM CO., LTD",砥石、クーラント等機械加工の生産資材,冶具、設備向けの機構部品,FA,https://www.nc-net.or.jp//company/92983/
530,Bhagwati Machine Tools,砥石、クーラント等機械加工の生産資材,冶具、設備向けの機構部品,FA,https://www.nc-net.or.jp//company/86926/
531,アドバンスド・ロジテックジャパン株式会社,シートパレットからパスボーダーまで薄型パレットを幅広く取り揃え,通常フォークで作業可能なワンウェイ用紙製品,専用フォークリフト爪,https://www.nc-net.or.jp//company/94385/
532,"Marktec Asia Co.,Ltd.",非破壊検査薬剤の販売,非破壊検査機器の販売,LEDブラックライト等の販売,https://www.nc-net.or.jp//company/93881/
533,Shree Umiya Engineers,非破壊検査薬剤の販売,非破壊検査機器の販売,LEDブラックライト等の販売,https://www.nc-net.or.jp//company/86987/
534,"鄭州多磨超硬材料有限公司（ZZDM SUPERABRASIVES CO.,LTD.)",工業ダイヤモンド、ミクロンパウダー、CBN（立方晶窒化ホウ素）,ダイヤモンド原石、合成単結晶ダイヤモンド、PCD/PCBN焼結体,ダイヤモンドペースト、ペースト等,https://www.nc-net.or.jp//company/90692/
535,株式会社サンコー,カートリッジヒーター,マイクロヒーター,熱電対,https://www.nc-net.or.jp//company/94779/
536,伊勢金型工業株式会社,大型５軸加工,大型樹脂部品,射出成形用金型,https://www.nc-net.or.jp//company/85990/
537,協和ACI 株式会社,"医療,航空機,特殊グレード材,樹脂,成形,切削,塩ビ,PVC,ポリ塩化ビニル,プラスチック:射出成形,塗装,山梨県,協和ACI 株式会社　プラスチック成形加工・可塑性・硬化性・石油製品販売",金型製作.塗装各種,組立.切削加工.印刷,https://www.nc-net.or.jp//company/35969/
538,株式会社エナミ精機,カシメ冶具,プレス機,プレス金型,https://www.nc-net.or.jp//company/89123/
539,株式会社ニュートン,精密プラスチック射出成形品,精密プラスチック射出成形品用金型,株式会社豊田自動織機,https://www.nc-net.or.jp//company/47058/
540,株式会社大和製作所,機械部品加工　　放電加工　　　タップ折れ除去,部品加工　　放電加工　　穴明け,金型修理　磨き　　ヤスリ掛け,https://www.nc-net.or.jp//company/81233/
541,日章アステック株式会社,ステンレスパイプ　他,配管加工・装置組み立て・据付工事,電解研磨その他表面処理,https://www.nc-net.or.jp//company/84213/
542,株式会社ワイ・デー・ケー,電子機器受託製造,精密切削加工,装置組立,https://www.nc-net.or.jp//company/73530/
543,コアシステム株式会社,金属・板金・プレス・アルミ鋳物加工製品,プリント（実装）基板の試作、量産,プラスチック成型品、板金加工品、アルミ鋳造品,https://www.nc-net.or.jp//company/73165/
544,和興産業株式会社静岡第一工場,樹脂　金型製作  （ コネクター関連 ）,金型　部品加工　（ 精密な角物部品 ）,樹脂　成形加工　（ ワイヤーハーネス関連 ）,https://www.nc-net.or.jp//company/78282/
545,株式会社松村精型,鋳造用金型製造・販売（低圧鋳造金型・重力鋳造金型製作）・試作・一部アルミ鋳造品の製造販売,工業用鋳造模型製造・販売（シェル金型）・試作,ダイカスト金型製造・販売・試作（一部アルミ鋳造品の製造販売）,https://www.nc-net.or.jp//company/77658/
546,プレファクト株式会社,高精度焼入れガイドレール・ベース・ステージ,SUS304・316・ベース・ステージ・レール・プレート,アルミ仕様ベース・ステージ・レール・プレート,https://www.nc-net.or.jp//company/82139/
547,サカエゴム株式会社,自動車用ゴム製品,工業用ゴム製品,シール製品、パッキン、Oリング,https://www.nc-net.or.jp//company/73014/
548,ジャノメダイカスト株式会社,アルミ・マグネのダイカスト鋳造,アルミ・マグネ・亜鉛の石膏鋳造法による試作品鋳造,シール製品、パッキン、Oリング,https://www.nc-net.or.jp//company/76698/
549,マークテック株式会社,非破壊検査機器の開発・製造販売,マーキングシステムの開発・設計製作販売,電子機器の開発・製造および販売,https://www.nc-net.or.jp//company/81093/
550,有限会社オーヴィックス,組立、検査、梱包,樹脂成形品　金属切削品,各種OEM商品請負,https://www.nc-net.or.jp//company/91317/
551,華威産品開発有限公司,試作開発・少量生産,金型製作,日系モックアップメーカー,https://www.nc-net.or.jp//company/87315/
552,日本産商株式会社,各種装置の販売及び設計・製作,金型製作,日系モックアップメーカー,https://www.nc-net.or.jp//company/94461/
553,株式会社TOK,プラスチックベアリング,ロータリーダンパー,ワンウェイクラッチ,https://www.nc-net.or.jp//company/91174/
554,株式会社 長瀬,熱硬化性(フェノール)のプラスチック製品製造,熱可塑性のプラスチック製品製造,金型から受け賜わります。,https://www.nc-net.or.jp//company/84271/
555,株式会社プレシード,自動機・省力化ライン,機械装置の受託製造,大型HVLSファン　SDファン,https://www.nc-net.or.jp//company/26450/
556,株式会社オーサカステンレス,高ニッケル合金鋼,チタン・ステンレス鋼,精密部品製造,https://www.nc-net.or.jp//company/47382/
557,有限会社エヌシーシステムズsmile事業部,アルミ切削部品,CAD/CAMデータ変換・作成,文字印刷　大判印刷　表示関連品製作,https://www.nc-net.or.jp//company/77604/
558,実川商業  株式会社,射出成形金型の製造輸出,プラスチック及びダイカスト部品の開発量産,自動車向けプラスチック部品全般,https://www.nc-net.or.jp//company/47902/
559,株式会社三愛マクセル,プラスチック金型設計製作,"DIY、収納インテリア、車、家電,",自動車向けプラスチック部品全般,https://www.nc-net.or.jp//company/29231/
560,新潟三吉工業株式会社,精密板金加工・板金組立,精密プレス加工・精密金型加工,組立二次加工・開発品,https://www.nc-net.or.jp//company/94868/
561,株式会社 島岡製作所,機械加工・治工具・試作,プレス金型・設計・製作,組立二次加工・開発品,https://www.nc-net.or.jp//company/79163/
562,エイベックス株式会社,自動車部品,プレス金型・設計・製作,組立二次加工・開発品,https://www.nc-net.or.jp//company/76289/
563,サン機工株式会社,機械設備保守、製作事業 ●工場設備機械総合メンテナンス ●大型機械の付帯工事一式 ●コンベア設計・製作 ●油圧・エア排管製作、メンテナンス ●安全柵・安全カバー加工、製造 ●架台製作 ●金物各種製作,築炉事業 ●耐火モルタル、キャスタブル耐火物、プラスチック耐火物、鋳物用耐火物の製造・販売 ●耐火レンガ等の仕入、販売 ●築炉・炉メンテナンス ●工業炉の設計・製作 ●工業炉の定期診断,組立二次加工・開発品,https://www.nc-net.or.jp//company/91340/
564,山下工業株式会社,建築・土木用鋼製型枠,バランスビーム・コンクリートバケット,鋼構造物並びに製缶物設計製作,https://www.nc-net.or.jp//company/20994/
565,有限会社グレード工業（ダイカスト・プラスチック金型製作）,プラスチック・ダイカスト金型製作,ダイカスト鋳造・プラスチック成形,塗装・組立・加工,https://www.nc-net.or.jp//company/75841/
566,東洋アイテック株式会社,プリント基板実装・組立,製品組立,装置開発・製造,https://www.nc-net.or.jp//company/71453/
567,株式会社ユアビジネス,特許寄曲負角金型スイングダイ設計製作,自動車用プレス金型工程計画と設計製作,金型部品の製作販売,https://www.nc-net.or.jp//company/81349/
568,株式会社 山崎鉄工所,各種工業用ゴム金型 設計・製作 (Injection・Conprestion・その他)。,CAD・CAM による金型設計、及びNCデータ作成。,ゴムローラ 成型・圧入・研磨 アセンブリ加工,https://www.nc-net.or.jp//company/49087/
569,久保工業株式会社,鋼構造物,産業機械,構造計算及び積算業務,https://www.nc-net.or.jp//company/22524/
570,株式会社栗原工業,紫外線照射装置,蛍光灯直流点灯装置,特殊照明設計製作,https://www.nc-net.or.jp//company/22428/
571,美濃工業株式会社,アルミダイカスト,ダイカスト製品の加工,ダイカスト製品の鋳造,https://www.nc-net.or.jp//company/94645/
572,パスカル株式会社,油圧クランプ、ワークサポート,金型交換装置、金型反転機,ガススプリング、ダイクッション,https://www.nc-net.or.jp//company/60571/
573,株式会社三ツ村製作所,連続炉銅ロー付け製品,自動車用ユニオン、コネクター,配管継ぎ手コネクター,https://www.nc-net.or.jp//company/72468/
574,サンワコーポレーション,電子部品・半導体・各種チューブ取扱販売,液晶パネル各サイズ、メーカー調達,各種スタッド,https://www.nc-net.or.jp//company/53381/
575,株式会社相互精密,自動車部品,電子部品,その他色々,https://www.nc-net.or.jp//company/46275/
576,さつき株式会社,温水洗浄便座,医療機器向け制御基板,射出成形金型全般,https://www.nc-net.or.jp//company/81002/
577,株式会社エスイー工業,FA装置,治具,プレス金型,https://www.nc-net.or.jp//company/71937/
578,パンチ工業株式会社,プラスチック金型用部品,プレス金型用部品,FA用部品,https://www.nc-net.or.jp//company/66071/
579,三和エンジニアリング株式会社明石本部工場,集塵装置及びHCL除去装置,リサイクルプラント向各種機器,公害防止機器,https://www.nc-net.or.jp//company/49315/
580,オリンピア照明株式会社新潟工場,照明器具,バックライト,公害防止機器,https://www.nc-net.or.jp//company/72411/
581,ヤマセイ株式会社,自動車用プレス金型製造(順送、タンデム),樹脂金型(MAW型、SMC型、SPM型)製造,三次元ソリッド設計,https://www.nc-net.or.jp//company/70608/
582,エージェンシーアシストベトナム,【部品調達】産業用機械装置、製造機械設備 等、各種精密加工部品の調達、販売,産業機械メーカー、半導体製造装置メーカー、洗浄機械メーカー、,電子機器メーカー、工作機械メーカー、攪拌機械メーカー、,https://www.nc-net.or.jp//company/95522/
583,企業会社泰東龍泰東龍工場,プレス、溶接加工,精密板金&amp;レーザー厚板切断,塗布加工,https://www.nc-net.or.jp//company/81335/
584,"株式会社リネクト技研Linect Co.,Ltd.",マイクロ精密金属加工、精密石英加工、etc,半導体精密加工,複合順送プレス加工,https://www.nc-net.or.jp//company/80655/
585,有限会社アクトロン,自動組立機械の電気制御設計、製作,自動検査装置の電気設計、製作、プログラム,電子回路設計、基板製作,https://www.nc-net.or.jp//company/75191/
586,株式会社上田鉄工,NC旋盤加工、マシニング加工による各種金属の精密加工,各種鋳造品製作代行,異形物量産治具製作(自社用),https://www.nc-net.or.jp//company/81971/
587,株式会社モリヨシ技研,プラスチック射出成形金型,マグネシウム金型,各種金型修理・改造・メンテナンス,https://www.nc-net.or.jp//company/83408/
588,"Kingdom Precision Casting Co., Ltd.",ロストワックス鋳物,精密加工品,3）産業用付属品4）産業用バルブ5）産業用ホースと継手,https://www.nc-net.or.jp//company/94189/
589,有限会社リファレンス,プラスチック製成型部品設計製作,ディスポーザル医療器具の設計製作,自動機械の設計製作請負,https://www.nc-net.or.jp//company/66268/
590,株式会社堺伸銅所岡山工場,銅・黄銅管,銅・黄銅管のネジ・曲げ加工,銅・黄銅管のロー付、ハンダ付等加工,https://www.nc-net.or.jp//company/76151/
591,株式会社東陽テクニカ,計測器,銅・黄銅管のネジ・曲げ加工,銅・黄銅管のロー付、ハンダ付等加工,https://www.nc-net.or.jp//company/83361/
592,株式会社イーエステクノ,静電気除去装置,空気流量増幅器 ,環境改善機器及び原材料。　企画,https://www.nc-net.or.jp//company/72139/
593,テック化成株式会社,コネクタ,端子台,環境改善機器及び原材料。　企画,https://www.nc-net.or.jp//company/91214/
594,株式会社トラストワークスジャパン福崎工場,各種製造装置の設計・製作・組立・据付調整,各種検査装置の設計・製作・組立・据付調整,各種搬送装置の設計・製作・組立・据付調整,https://www.nc-net.or.jp//company/80219/
595,株式会社三機商会,自動機,油圧機器,鍛圧機械,https://www.nc-net.or.jp//company/46213/
596,日本バルブコントロールズ株式会社,電動ボールバルブ,電動バタフライバルブ,電動緊急遮断弁,https://www.nc-net.or.jp//company/62928/
597,株式会社松下製作所,精密金型設計製作,プレス加工,電動緊急遮断弁,https://www.nc-net.or.jp//company/89660/
598,株式会社ニシテック,金属機械加工部品,樹脂機械加工部品,生産設備　設計・製作,https://www.nc-net.or.jp//company/84868/
599,株式会社清国,プレス加工,金型製作,試作板金加工,https://www.nc-net.or.jp//company/75893/
600,日本電子工業㈱,高周波焼き入れ,イオン窒化,DLC,https://www.nc-net.or.jp//company/91062/
601,有限会社東洋熱学,表面処理設備、設計、製作,塗装設備、設計、製作,乾燥設備、設計、製作,https://www.nc-net.or.jp//company/91426/
602,株式会社アペレ,分光光度計,光電比色計,ビリルビンメーター,https://www.nc-net.or.jp//company/62387/
603,天津木子炭素国際貿易有限公司,石墨電極(RP HP UHR),高純度な石墨ブロック,特殊石墨製品（石墨坩堝等）,https://www.nc-net.or.jp//company/88038/
604,伊丹電機工業株式会社,精密プラスチック製品製作,射出成形,UV塗装,https://www.nc-net.or.jp//company/73873/
605,清水プラスチック工業株式会社,プラスチック工業製品,射出成形,UV塗装,https://www.nc-net.or.jp//company/34291/
606,合資会社スピード技研,自動化機械・専用機・装置の設計,NC工作機械の操作指導・加工立上げ,UV塗装,https://www.nc-net.or.jp//company/71746/
607,株式会社ライノス,輸入切削工具,NC工作機械の操作指導・加工立上げ,UV塗装,https://www.nc-net.or.jp//company/83872/
608,株式会社ゼファー,FA装置（　電子部品、モーター）,精密巻線装置開発,画像測定検査装置,https://www.nc-net.or.jp//company/90836/
609,株式会社エス・ケイ・カンパニ－,中古射出成形機,周辺機械,画像測定検査装置,https://www.nc-net.or.jp//company/83028/
610,杭州伊納可模具模型有限公司,マシニング加工（樹脂・アルミ）,真空注型成型,光造型,https://www.nc-net.or.jp//company/91703/
611,株式会社Prodetech,タンケーブル、ダクト、空気圧システム,真空注型成型,光造型,https://www.nc-net.or.jp//company/86033/
612,株式会社Co khi Xay lap Thuong mai Minh Cuong,鉄鋼加工,機械加工,光造型,https://www.nc-net.or.jp//company/85496/
613,上海朝洋機電設備有限公司,ショットブラスト材（ショットブラスト材材質：ステーレス、アルミ、銅など。ショットブラスト材形状：針型、ボール型など）,ダイキャスト（材質：アルミ、特殊材料）,久富ダイキャスト㈱,https://www.nc-net.or.jp//company/85663/
614,フィリール株式会社,金属機械部品,フライス,旋盤,https://www.nc-net.or.jp//company/92077/
615,株式会社ブラストン,縫製加工（ユニフォーム、クリーンウェア類,ユニフォーム（作業服・オフィスウェア・ワーキングウェア・サービスウェア）,BCクリーン（クリーンルーム用品・各消耗品）,https://www.nc-net.or.jp//company/94526/
616,エナジーセッケイ機械設計事務所,カスタマイズ専用研削盤・工作機械の機械設計,省力化機械・自動機の機械設計,搬送装置・ロボット・安全柵の機械設計,https://www.nc-net.or.jp//company/75954/
617,東莞市固達機械製造有限会社,機械製造販売：1）両頭フライス盤　2）プラノミラー　3）縦フライス盤　4）丸鋸切断機  5）帯鋸機 　6）門型研磨盤　7）面取機 　8）油圧翻板機　9）マシニングセンタ,省力化機械・自動機の機械設計,搬送装置・ロボット・安全柵の機械設計,https://www.nc-net.or.jp//company/95140/
618,アサヒ通信株式会社,車載オーディオ関連のワイヤーハーネス,AV機器関連のワイヤーハーネス,民生機器関連のワイヤーハーネス,https://www.nc-net.or.jp//company/88928/
619,株式会社ユニオンクリエーション,"精密自動機パーツ,部品","金型パーツ,部品","治具,治工具",https://www.nc-net.or.jp//company/87644/
620,株式会社ベータ,マシニング加工（民生・産業用ロボット部品・液晶製造装置部品・医療機器部品）,NC旋盤・CNC自動旋盤加工（民生・産業用ロボット部品・液晶製造装置部品・医療機器部品）,研削加工（工作機械部品・特殊工具・金型治具・モーター軸・砥石軸）,https://www.nc-net.or.jp//company/80665/
621,Nhat Minh COMPANY LIMITED,金属部品加工切削工具販売,各種工作機械、精密測定器、消耗品販売,日本企業様向けの部品ｱｳﾄｿｰｼﾝｸﾞ仲介,https://www.nc-net.or.jp//company/87688/
622,株式会社ナガセ,フランジ・継手類,アルミ・ステンレス鋳物,特注品の製作,https://www.nc-net.or.jp//company/71572/
623,株式会社橋本金属,銅容器、ステンレス絞り、深絞り加工、単発しごき,プレス加工　電機、仏具、各種設備部品、日用品oem,銅製品、ステンレス製品の製造販売、ノベルティータンブラー,https://www.nc-net.or.jp//company/89550/
624,シンクロテック株式会社,CPLD/FPGA搭載電子制御回路ブロックで電子機器・検査冶具の標準化をPLD搭載標準基板で実現,静電気対策品の提案・対策工事：半導体取扱作業者向けおよび静電気対策環境向け製品,電子機器の試作開発（産業機械、検査装置、検査冶具など）にまつわるアイテム全般,https://www.nc-net.or.jp//company/83869/
625,株式会社オーハマ,一品物の切削部品から真空、射出簡易型製作と試作開発品、量産型製作と量産品の製造,射出成形（試作、量産）,真空成形（試作、量産）,https://www.nc-net.or.jp//company/3041/
626,タミー株式会社,精密金型　設計・製作（プラスチック金型、CIM金型、MIM金型、ダイカスト金型）,精密セラミックス成形品の開発協力・試作・量産,精密プラスチック成形品の開発協力・試作・量産,https://www.nc-net.or.jp//company/64328/
627,株式会社極東精機製作所,小型クランク軸加工,車輌油圧部品,電動ホイスト部品,https://www.nc-net.or.jp//company/69686/
628,株式会社Prodetech,タンケーブル、ダクト、空気圧システム,車輌油圧部品,電動ホイスト部品,https://www.nc-net.or.jp//company/86033/
629,株式会社Co khi Xay lap Thuong mai Minh Cuong,鉄鋼加工,機械加工,電動ホイスト部品,https://www.nc-net.or.jp//company/85496/
630,上海朝洋機電設備有限公司,ショットブラスト材（ショットブラスト材材質：ステーレス、アルミ、銅など。ショットブラスト材形状：針型、ボール型など）,ダイキャスト（材質：アルミ、特殊材料）,久富ダイキャスト㈱,https://www.nc-net.or.jp//company/85663/
631,フィリール株式会社,金属機械部品,フライス,旋盤,https://www.nc-net.or.jp//company/92077/
632,株式会社ブラストン,縫製加工（ユニフォーム、クリーンウェア類,ユニフォーム（作業服・オフィスウェア・ワーキングウェア・サービスウェア）,BCクリーン（クリーンルーム用品・各消耗品）,https://www.nc-net.or.jp//company/94526/
633,エナジーセッケイ機械設計事務所,カスタマイズ専用研削盤・工作機械の機械設計,省力化機械・自動機の機械設計,搬送装置・ロボット・安全柵の機械設計,https://www.nc-net.or.jp//company/75954/
634,東莞市固達機械製造有限会社,機械製造販売：1）両頭フライス盤　2）プラノミラー　3）縦フライス盤　4）丸鋸切断機  5）帯鋸機 　6）門型研磨盤　7）面取機 　8）油圧翻板機　9）マシニングセンタ,省力化機械・自動機の機械設計,搬送装置・ロボット・安全柵の機械設計,https://www.nc-net.or.jp//company/95140/
635,アサヒ通信株式会社,車載オーディオ関連のワイヤーハーネス,AV機器関連のワイヤーハーネス,民生機器関連のワイヤーハーネス,https://www.nc-net.or.jp//company/88928/
636,株式会社ユニオンクリエーション,"精密自動機パーツ,部品","金型パーツ,部品","治具,治工具",https://www.nc-net.or.jp//company/87644/
637,株式会社ベータ,マシニング加工（民生・産業用ロボット部品・液晶製造装置部品・医療機器部品）,NC旋盤・CNC自動旋盤加工（民生・産業用ロボット部品・液晶製造装置部品・医療機器部品）,研削加工（工作機械部品・特殊工具・金型治具・モーター軸・砥石軸）,https://www.nc-net.or.jp//company/80665/
638,Nhat Minh COMPANY LIMITED,金属部品加工切削工具販売,各種工作機械、精密測定器、消耗品販売,日本企業様向けの部品ｱｳﾄｿｰｼﾝｸﾞ仲介,https://www.nc-net.or.jp//company/87688/
639,株式会社ナガセ,フランジ・継手類,アルミ・ステンレス鋳物,特注品の製作,https://www.nc-net.or.jp//company/71572/
640,株式会社橋本金属,銅容器、ステンレス絞り、深絞り加工、単発しごき,プレス加工　電機、仏具、各種設備部品、日用品oem,銅製品、ステンレス製品の製造販売、ノベルティータンブラー,https://www.nc-net.or.jp//company/89550/
641,シンクロテック株式会社,CPLD/FPGA搭載電子制御回路ブロックで電子機器・検査冶具の標準化をPLD搭載標準基板で実現,静電気対策品の提案・対策工事：半導体取扱作業者向けおよび静電気対策環境向け製品,電子機器の試作開発（産業機械、検査装置、検査冶具など）にまつわるアイテム全般,https://www.nc-net.or.jp//company/83869/
642,株式会社オーハマ,一品物の切削部品から真空、射出簡易型製作と試作開発品、量産型製作と量産品の製造,射出成形（試作、量産）,真空成形（試作、量産）,https://www.nc-net.or.jp//company/3041/
643,タミー株式会社,精密金型　設計・製作（プラスチック金型、CIM金型、MIM金型、ダイカスト金型）,精密セラミックス成形品の開発協力・試作・量産,精密プラスチック成形品の開発協力・試作・量産,https://www.nc-net.or.jp//company/64328/
644,株式会社極東精機製作所,小型クランク軸加工,車輌油圧部品,電動ホイスト部品,https://www.nc-net.or.jp//company/69686/
645,株式会社Prodetech,タンケーブル、ダクト、空気圧システム,車輌油圧部品,電動ホイスト部品,https://www.nc-net.or.jp//company/86033/
646,株式会社Co khi Xay lap Thuong mai Minh Cuong,鉄鋼加工,機械加工,電動ホイスト部品,https://www.nc-net.or.jp//company/85496/
647,上海朝洋機電設備有限公司,ショットブラスト材（ショットブラスト材材質：ステーレス、アルミ、銅など。ショットブラスト材形状：針型、ボール型など）,ダイキャスト（材質：アルミ、特殊材料）,久富ダイキャスト㈱,https://www.nc-net.or.jp//company/85663/
648,フィリール株式会社,金属機械部品,フライス,旋盤,https://www.nc-net.or.jp//company/92077/
649,株式会社ブラストン,縫製加工（ユニフォーム、クリーンウェア類,ユニフォーム（作業服・オフィスウェア・ワーキングウェア・サービスウェア）,BCクリーン（クリーンルーム用品・各消耗品）,https://www.nc-net.or.jp//company/94526/
650,エナジーセッケイ機械設計事務所,カスタマイズ専用研削盤・工作機械の機械設計,省力化機械・自動機の機械設計,搬送装置・ロボット・安全柵の機械設計,https://www.nc-net.or.jp//company/75954/
651,東莞市固達機械製造有限会社,機械製造販売：1）両頭フライス盤　2）プラノミラー　3）縦フライス盤　4）丸鋸切断機  5）帯鋸機 　6）門型研磨盤　7）面取機 　8）油圧翻板機　9）マシニングセンタ,省力化機械・自動機の機械設計,搬送装置・ロボット・安全柵の機械設計,https://www.nc-net.or.jp//company/95140/
652,アサヒ通信株式会社,車載オーディオ関連のワイヤーハーネス,AV機器関連のワイヤーハーネス,民生機器関連のワイヤーハーネス,https://www.nc-net.or.jp//company/88928/
653,株式会社ユニオンクリエーション,"精密自動機パーツ,部品","金型パーツ,部品","治具,治工具",https://www.nc-net.or.jp//company/87644/
654,株式会社ベータ,マシニング加工（民生・産業用ロボット部品・液晶製造装置部品・医療機器部品）,NC旋盤・CNC自動旋盤加工（民生・産業用ロボット部品・液晶製造装置部品・医療機器部品）,研削加工（工作機械部品・特殊工具・金型治具・モーター軸・砥石軸）,https://www.nc-net.or.jp//company/80665/
655,Nhat Minh COMPANY LIMITED,金属部品加工切削工具販売,各種工作機械、精密測定器、消耗品販売,日本企業様向けの部品ｱｳﾄｿｰｼﾝｸﾞ仲介,https://www.nc-net.or.jp//company/87688/
656,株式会社ナガセ,フランジ・継手類,アルミ・ステンレス鋳物,特注品の製作,https://www.nc-net.or.jp//company/71572/
657,株式会社橋本金属,銅容器、ステンレス絞り、深絞り加工、単発しごき,プレス加工　電機、仏具、各種設備部品、日用品oem,銅製品、ステンレス製品の製造販売、ノベルティータンブラー,https://www.nc-net.or.jp//company/89550/
658,シンクロテック株式会社,CPLD/FPGA搭載電子制御回路ブロックで電子機器・検査冶具の標準化をPLD搭載標準基板で実現,静電気対策品の提案・対策工事：半導体取扱作業者向けおよび静電気対策環境向け製品,電子機器の試作開発（産業機械、検査装置、検査冶具など）にまつわるアイテム全般,https://www.nc-net.or.jp//company/83869/
659,株式会社オーハマ,一品物の切削部品から真空、射出簡易型製作と試作開発品、量産型製作と量産品の製造,射出成形（試作、量産）,真空成形（試作、量産）,https://www.nc-net.or.jp//company/3041/
660,タミー株式会社,精密金型　設計・製作（プラスチック金型、CIM金型、MIM金型、ダイカスト金型）,精密セラミックス成形品の開発協力・試作・量産,精密プラスチック成形品の開発協力・試作・量産,https://www.nc-net.or.jp//company/64328/
661,株式会社極東精機製作所,小型クランク軸加工,車輌油圧部品,電動ホイスト部品,https://www.nc-net.or.jp//company/69686/
662,株式会社Prodetech,タンケーブル、ダクト、空気圧システム,車輌油圧部品,電動ホイスト部品,https://www.nc-net.or.jp//company/86033/
663,株式会社Co khi Xay lap Thuong mai Minh Cuong,鉄鋼加工,機械加工,電動ホイスト部品,https://www.nc-net.or.jp//company/85496/
664,上海朝洋機電設備有限公司,ショットブラスト材（ショットブラスト材材質：ステーレス、アルミ、銅など。ショットブラスト材形状：針型、ボール型など）,ダイキャスト（材質：アルミ、特殊材料）,久富ダイキャスト㈱,https://www.nc-net.or.jp//company/85663/
665,フィリール株式会社,金属機械部品,フライス,旋盤,https://www.nc-net.or.jp//company/92077/
666,株式会社ブラストン,縫製加工（ユニフォーム、クリーンウェア類,ユニフォーム（作業服・オフィスウェア・ワーキングウェア・サービスウェア）,BCクリーン（クリーンルーム用品・各消耗品）,https://www.nc-net.or.jp//company/94526/
667,エナジーセッケイ機械設計事務所,カスタマイズ専用研削盤・工作機械の機械設計,省力化機械・自動機の機械設計,搬送装置・ロボット・安全柵の機械設計,https://www.nc-net.or.jp//company/75954/
668,東莞市固達機械製造有限会社,機械製造販売：1）両頭フライス盤　2）プラノミラー　3）縦フライス盤　4）丸鋸切断機  5）帯鋸機 　6）門型研磨盤　7）面取機 　8）油圧翻板機　9）マシニングセンタ,省力化機械・自動機の機械設計,搬送装置・ロボット・安全柵の機械設計,https://www.nc-net.or.jp//company/95140/
669,アサヒ通信株式会社,車載オーディオ関連のワイヤーハーネス,AV機器関連のワイヤーハーネス,民生機器関連のワイヤーハーネス,https://www.nc-net.or.jp//company/88928/
670,株式会社ユニオンクリエーション,"精密自動機パーツ,部品","金型パーツ,部品","治具,治工具",https://www.nc-net.or.jp//company/87644/
671,株式会社ベータ,マシニング加工（民生・産業用ロボット部品・液晶製造装置部品・医療機器部品）,NC旋盤・CNC自動旋盤加工（民生・産業用ロボット部品・液晶製造装置部品・医療機器部品）,研削加工（工作機械部品・特殊工具・金型治具・モーター軸・砥石軸）,https://www.nc-net.or.jp//company/80665/
672,Nhat Minh COMPANY LIMITED,金属部品加工切削工具販売,各種工作機械、精密測定器、消耗品販売,日本企業様向けの部品ｱｳﾄｿｰｼﾝｸﾞ仲介,https://www.nc-net.or.jp//company/87688/
673,株式会社ナガセ,フランジ・継手類,アルミ・ステンレス鋳物,特注品の製作,https://www.nc-net.or.jp//company/71572/
674,株式会社橋本金属,銅容器、ステンレス絞り、深絞り加工、単発しごき,プレス加工　電機、仏具、各種設備部品、日用品oem,銅製品、ステンレス製品の製造販売、ノベルティータンブラー,https://www.nc-net.or.jp//company/89550/
675,シンクロテック株式会社,CPLD/FPGA搭載電子制御回路ブロックで電子機器・検査冶具の標準化をPLD搭載標準基板で実現,静電気対策品の提案・対策工事：半導体取扱作業者向けおよび静電気対策環境向け製品,電子機器の試作開発（産業機械、検査装置、検査冶具など）にまつわるアイテム全般,https://www.nc-net.or.jp//company/83869/
676,株式会社オーハマ,一品物の切削部品から真空、射出簡易型製作と試作開発品、量産型製作と量産品の製造,射出成形（試作、量産）,真空成形（試作、量産）,https://www.nc-net.or.jp//company/3041/
677,タミー株式会社,精密金型　設計・製作（プラスチック金型、CIM金型、MIM金型、ダイカスト金型）,精密セラミックス成形品の開発協力・試作・量産,精密プラスチック成形品の開発協力・試作・量産,https://www.nc-net.or.jp//company/64328/
678,株式会社極東精機製作所,小型クランク軸加工,車輌油圧部品,電動ホイスト部品,https://www.nc-net.or.jp//company/69686/
679,株式会社Prodetech,タンケーブル、ダクト、空気圧システム,車輌油圧部品,電動ホイスト部品,https://www.nc-net.or.jp//company/86033/
680,株式会社Co khi Xay lap Thuong mai Minh Cuong,鉄鋼加工,機械加工,電動ホイスト部品,https://www.nc-net.or.jp//company/85496/
681,上海朝洋機電設備有限公司,ショットブラスト材（ショットブラスト材材質：ステーレス、アルミ、銅など。ショットブラスト材形状：針型、ボール型など）,ダイキャスト（材質：アルミ、特殊材料）,久富ダイキャスト㈱,https://www.nc-net.or.jp//company/85663/
682,フィリール株式会社,金属機械部品,フライス,旋盤,https://www.nc-net.or.jp//company/92077/
683,株式会社ブラストン,縫製加工（ユニフォーム、クリーンウェア類,ユニフォーム（作業服・オフィスウェア・ワーキングウェア・サービスウェア）,BCクリーン（クリーンルーム用品・各消耗品）,https://www.nc-net.or.jp//company/94526/
684,エナジーセッケイ機械設計事務所,カスタマイズ専用研削盤・工作機械の機械設計,省力化機械・自動機の機械設計,搬送装置・ロボット・安全柵の機械設計,https://www.nc-net.or.jp//company/75954/
685,東莞市固達機械製造有限会社,機械製造販売：1）両頭フライス盤　2）プラノミラー　3）縦フライス盤　4）丸鋸切断機  5）帯鋸機 　6）門型研磨盤　7）面取機 　8）油圧翻板機　9）マシニングセンタ,省力化機械・自動機の機械設計,搬送装置・ロボット・安全柵の機械設計,https://www.nc-net.or.jp//company/95140/
686,アサヒ通信株式会社,車載オーディオ関連のワイヤーハーネス,AV機器関連のワイヤーハーネス,民生機器関連のワイヤーハーネス,https://www.nc-net.or.jp//company/88928/
687,株式会社ユニオンクリエーション,"精密自動機パーツ,部品","金型パーツ,部品","治具,治工具",https://www.nc-net.or.jp//company/87644/
688,株式会社ベータ,マシニング加工（民生・産業用ロボット部品・液晶製造装置部品・医療機器部品）,NC旋盤・CNC自動旋盤加工（民生・産業用ロボット部品・液晶製造装置部品・医療機器部品）,研削加工（工作機械部品・特殊工具・金型治具・モーター軸・砥石軸）,https://www.nc-net.or.jp//company/80665/
689,Nhat Minh COMPANY LIMITED,金属部品加工切削工具販売,各種工作機械、精密測定器、消耗品販売,日本企業様向けの部品ｱｳﾄｿｰｼﾝｸﾞ仲介,https://www.nc-net.or.jp//company/87688/
690,株式会社ナガセ,フランジ・継手類,アルミ・ステンレス鋳物,特注品の製作,https://www.nc-net.or.jp//company/71572/
691,株式会社橋本金属,銅容器、ステンレス絞り、深絞り加工、単発しごき,プレス加工　電機、仏具、各種設備部品、日用品oem,銅製品、ステンレス製品の製造販売、ノベルティータンブラー,https://www.nc-net.or.jp//company/89550/
692,シンクロテック株式会社,CPLD/FPGA搭載電子制御回路ブロックで電子機器・検査冶具の標準化をPLD搭載標準基板で実現,静電気対策品の提案・対策工事：半導体取扱作業者向けおよび静電気対策環境向け製品,電子機器の試作開発（産業機械、検査装置、検査冶具など）にまつわるアイテム全般,https://www.nc-net.or.jp//company/83869/
693,株式会社オーハマ,一品物の切削部品から真空、射出簡易型製作と試作開発品、量産型製作と量産品の製造,射出成形（試作、量産）,真空成形（試作、量産）,https://www.nc-net.or.jp//company/3041/
694,タミー株式会社,精密金型　設計・製作（プラスチック金型、CIM金型、MIM金型、ダイカスト金型）,精密セラミックス成形品の開発協力・試作・量産,精密プラスチック成形品の開発協力・試作・量産,https://www.nc-net.or.jp//company/64328/
695,株式会社極東精機製作所,小型クランク軸加工,車輌油圧部品,電動ホイスト部品,https://www.nc-net.or.jp//company/69686/
