No,企業名,業種(大分類),業種(小分類),採用情報URL
1,日本シイエムケイ株式会社,半導体・電子部品・その他,自動車／コンピュータ・通信機器・ＯＡ機器／機械／化学,https://job.rikunabi.com//2022/company/r498200060/employ/
2,コロワイドグループ,食品,商社（食料品）／外食・レストラン・フードサービス／コンサルタント・専門コンサルタント,https://job.rikunabi.com//2022/company/r498200060/employ/
3,株式会社夢真,建設,住宅／不動産／商社（総合）／広告,https://job.rikunabi.com//2022/company/r498200060/employ/
4,株式会社ちよだ鮨,食品,外食・レストラン・フードサービス／水産／商社（食料品）／その他専門店・小売,https://job.rikunabi.com//2022/company/r498200060/employ/
5,スタンレー電気株式会社,半導体・電子部品・その他,自動車／輸送機器／コンピュータ・通信機器・ＯＡ機器／精密機器,https://job.rikunabi.com//2022/company/r498200060/employ/
6,日本トムソン株式会社,機械,金属製品／自動車／半導体・電子部品・その他／商社（機械）,https://job.rikunabi.com//2022/company/r498200060/employ/
7,JESCOホールディングス株式会社,設備・設備工事関連,電力・電気／通信／建設／建設コンサルタント,https://job.rikunabi.com//2022/company/r498200060/employ/
8,株式会社日産オートモーティブテクノロジー,自動車,輸送機器／機械,https://job.rikunabi.com//2022/company/r498200060/employ/
9,TMTマシナリー株式会社,機械,精密機器／繊維／商社（機械）／その他製造,https://job.rikunabi.com//2022/company/r498200060/employ/
10,株式会社　飯田産業,住宅,不動産／建築設計／建設／ホテル,https://job.rikunabi.com//2022/company/r498200060/employ/
11,東亜建設工業株式会社,建設,建築設計／建設コンサルタント／機械／重電・産業用電気機器,https://job.rikunabi.com//2022/company/r498200060/employ/
12,株式会社アイダ設計,住宅,建築設計／不動産／建設／建材・エクステリア,https://job.rikunabi.com//2022/company/r498200060/employ/
13,株式会社日本製鋼所,機械,鉄鋼／総合電機（電気・電子機器）／プラント・エンジニアリング,https://job.rikunabi.com//2022/company/r498200060/employ/
14,日本電波工業株式会社,半導体・電子部品・その他,コンピュータ・通信機器・ＯＡ機器／家電・ＡＶ機器／精密機器／その他製造,https://job.rikunabi.com//2022/company/r498200060/employ/
15,OSTECH GROUP,機械,自動車／総合電機（電気・電子機器）／化学／ソフトウェア,https://job.rikunabi.com//2022/company/r498200060/employ/
16,アイダエンジニアリング株式会社,機械,重電・産業用電気機器／設備・設備工事関連／プラント・エンジニアリング／自動車,https://job.rikunabi.com//2022/company/r498200060/employ/
17,新菱冷熱工業株式会社,設備・設備工事関連,建設／機械／プラント・エンジニアリング,https://job.rikunabi.com//2022/company/r498200060/employ/
18,株式会社一条工務店,住宅,建設／建材・エクステリア／不動産／建築設計,https://job.rikunabi.com//2022/company/r498200060/employ/
19,株式会社オカムラ,機械,文具・事務機器・インテリア／建材・エクステリア／金属製品／その他製造,https://job.rikunabi.com//2022/company/r498200060/employ/
20,朝日エティック株式会社,建設,電力・電気／設備・設備工事関連／機械設計／プラント・エンジニアリング,https://job.rikunabi.com//2022/company/r498200060/employ/
21,株式会社ミマキエンジニアリング,コンピュータ・通信機器・ＯＡ機器,印刷関連／総合電機（電気・電子機器）／精密機器／その他製造,https://job.rikunabi.com//2022/company/r498200060/employ/
22,株式会社メガチップス,半導体・電子部品・その他,ゲーム・アミューズメント機器／コンピュータ・通信機器・ＯＡ機器／家電・ＡＶ機器,https://job.rikunabi.com//2022/company/r498200060/employ/
23,河村電器産業株式会社,重電・産業用電気機器,設備・設備工事関連／コンピュータ・通信機器・ＯＡ機器／半導体・電子部品・その他／商社（電機・電子・半導体）,https://job.rikunabi.com//2022/company/r498200060/employ/
24,株式会社富士ピー・エス,建設,建築設計／建設コンサルタント,https://job.rikunabi.com//2022/company/r498200060/employ/
25,出光エンジニアリング株式会社,プラント・エンジニアリング,建設／設備・設備工事関連／エネルギー／その他サービス,https://job.rikunabi.com//2022/company/r498200060/employ/
26,大成ロテック株式会社,建設,建材・エクステリア／機械／化学／設備・設備工事関連,https://job.rikunabi.com//2022/company/r498200060/employ/
27,株式会社リブドゥコーポレーション,紙・パルプ,医療機器,https://job.rikunabi.com//2022/company/r498200060/employ/
28,株式会社朝日工業社,設備・設備工事関連,建設／半導体・電子部品・その他／精密機器／建築設計,https://job.rikunabi.com//2022/company/r498200060/employ/
29,株式会社 松田電機工業所,自動車,輸送機器／機械／総合電機（電気・電子機器）／精密機器,https://job.rikunabi.com//2022/company/r498200060/employ/
30,丸善石油化学株式会社,化学,プラント・エンジニアリング／その他製造／重電・産業用電気機器／機械,https://job.rikunabi.com//2022/company/r498200060/employ/
31,株式会社小糸製作所,自動車,輸送機器／半導体・電子部品・その他／精密機器／その他製造,https://job.rikunabi.com//2022/company/r498200060/employ/
32,三菱ロジスネクスト株式会社,輸送機器,機械／総合電機（電気・電子機器）／コンピュータ・通信機器・ＯＡ機器／その他製造,https://job.rikunabi.com//2022/company/r498200060/employ/
33,株式会社フセラシ,自動車,金属製品／精密機器,https://job.rikunabi.com//2022/company/r498200060/employ/
34,光洋機械産業株式会社,機械,建設／プラント・エンジニアリング／商社（総合）／コンサルタント・専門コンサルタント,https://job.rikunabi.com//2022/company/r498200060/employ/
35,株式会社錢高組,建設,建築設計／住宅／設備・設備工事関連／建設コンサルタント,https://job.rikunabi.com//2022/company/r498200060/employ/
36,三井E&Sグループ,輸送機器,機械／重電・産業用電気機器／建設,https://job.rikunabi.com//2022/company/r498200060/employ/
37,株式会社エーゼット,化学,商社（化学製品）／商社（石油製品）／石油・石炭／エネルギー,https://job.rikunabi.com//2022/company/r498200060/employ/
38,船井電機株式会社,総合電機（電気・電子機器）,家電・ＡＶ機器／自動車／化粧品／ソフトウェア,https://job.rikunabi.com//2022/company/r498200060/employ/
39,株式会社椿本チエイン,機械,自動車／総合電機（電気・電子機器）／輸送機器／ソフトウェア,https://job.rikunabi.com//2022/company/r498200060/employ/
40,小池酸素工業株式会社,機械,商社（機械）／その他製造／その他商社／半導体・電子部品・その他,https://job.rikunabi.com//2022/company/r498200060/employ/
41,アイベステクノ株式会社,プラント・エンジニアリング,重電・産業用電気機器／コンピュータ・通信機器・ＯＡ機器／半導体・電子部品・その他／機械,https://job.rikunabi.com//2022/company/r498200060/employ/
42,住友電装株式会社,自動車,輸送機器／半導体・電子部品・その他,https://job.rikunabi.com//2022/company/r498200060/employ/
43,株式会社京都プラテック,自動車,家電・ＡＶ機器／医療機器／半導体・電子部品・その他／化学,https://job.rikunabi.com//2022/company/r498200060/employ/
44,日立ジョンソンコントロールズ空調株式会社,機械,総合電機（電気・電子機器）／家電・ＡＶ機器／重電・産業用電気機器／半導体・電子部品・その他,https://job.rikunabi.com//2022/company/r498200060/employ/
45,昭和機械商事株式会社,機械,金属製品／商社（機械）／商社（金属）／プラント・エンジニアリング,https://job.rikunabi.com//2022/company/r498200060/employ/
46,日本ヒューム株式会社,建材・エクステリア,建設／水道／プラント・エンジニアリング／不動産,https://job.rikunabi.com//2022/company/r498200060/employ/
47,株式会社キトー,機械,プラント・エンジニアリング／輸送機器／重電・産業用電気機器／その他製造,https://job.rikunabi.com//2022/company/r498200060/employ/
48,株式会社松井製作所,自動車,輸送機器／金属製品／機械／機械設計,https://job.rikunabi.com//2022/company/r498200060/employ/
49,ダイジェット工業株式会社,金属製品,自動車／機械／非鉄金属／鉄鋼,https://job.rikunabi.com//2022/company/r498200060/employ/
50,株式会社カワタ,機械,重電・産業用電気機器／プラント・エンジニアリング／輸送機器／総合電機（電気・電子機器）,https://job.rikunabi.com//2022/company/r498200060/employ/
51,株式会社シンダイ,自動車,金属製品／輸送機器／機械／その他製造,https://job.rikunabi.com//2022/company/r498200060/employ/
52,株式会社あかがね,印刷関連,情報処理／ソフトウェア／重電・産業用電気機器／半導体・電子部品・その他,https://job.rikunabi.com//2022/company/r498200060/employ/
53,イビデン株式会社,半導体・電子部品・その他,ガラス・セラミックス／自動車／コンピュータ・通信機器・ＯＡ機器／総合電機（電気・電子機器）,https://job.rikunabi.com//2022/company/r498200060/employ/
54,富士古河E＆C株式会社 ,設備・設備工事関連,建設／電力・電気／プラント・エンジニアリング／機械,https://job.rikunabi.com//2022/company/r498200060/employ/
55,株式会社キャタラー,化学,機械／自動車／総合電機（電気・電子機器）／輸送機器,https://job.rikunabi.com//2022/company/r498200060/employ/
56,大電株式会社,非鉄金属,電力・電気／半導体・電子部品・その他／機械／重電・産業用電気機器,https://job.rikunabi.com//2022/company/r498200060/employ/
57,株式会社今仙電機製作所,輸送機器,自動車／精密機器／半導体・電子部品・その他／医療機器,https://job.rikunabi.com//2022/company/r498200060/employ/
58,光生アルミニューム工業株式会社,自動車,金属製品／輸送機器／化学／その他製造,https://job.rikunabi.com//2022/company/r498200060/employ/
59,東洋ドライルーブ株式会社,化学,自動車／精密機器／金属製品／商社（化学製品）,https://job.rikunabi.com//2022/company/r498200060/employ/
60,日本国土開発株式会社,建設,建設コンサルタント／設備・設備工事関連／住宅／プラント・エンジニアリング,https://job.rikunabi.com//2022/company/r498200060/employ/
61,三晶エムイーシー株式会社,機械,精密機器／半導体・電子部品・その他／自動車／化学,https://job.rikunabi.com//2022/company/r498200060/employ/
62,イソライト工業株式会社,ガラス・セラミックス,化学／設備・設備工事関連／繊維,https://job.rikunabi.com//2022/company/r498200060/employ/
63,株式会社HDフラワーホールディングス,農林,各種ビジネスサービス／商社（総合）／専門店（複合）／インターネット関連,https://job.rikunabi.com//2022/company/r498200060/employ/
64,昭和化学工業株式会社,化学,鉱業／建材・エクステリア／医薬品／農林,https://job.rikunabi.com//2022/company/r498200060/employ/
65,日泉化学株式会社　,化学,自動車／機械／その他製造／商社（電機・電子・半導体）,https://job.rikunabi.com//2022/company/r498200060/employ/
66,日本冶金工業株式会社,鉄鋼,金属製品／鉱業／非鉄金属／建材・エクステリア,https://job.rikunabi.com//2022/company/r498200060/employ/
67,株式会社NSC,化学,ガラス・セラミックス／半導体・電子部品・その他／精密機器／その他製造,https://job.rikunabi.com//2022/company/r498200060/employ/
68,大豊建設株式会社,建設,住宅／建設コンサルタント／建築設計,https://job.rikunabi.com//2022/company/r498200060/employ/
69,豊田バンモップス株式会社,自動車,ガラス・セラミックス／鉄鋼／機械／金属製品,https://job.rikunabi.com//2022/company/r498200060/employ/
70,株式会社サンテック,設備・設備工事関連,建設／電力・電気／プラント・エンジニアリング／エネルギー,https://job.rikunabi.com//2022/company/r498200060/employ/
71,東海染工株式会社,繊維,化学／機械／商社（繊維製品）／商社（アパレル・服飾雑貨・貴金属）,https://job.rikunabi.com//2022/company/r498200060/employ/
72,兼房株式会社,金属製品,機械／非鉄金属／鉄鋼／その他製造,https://job.rikunabi.com//2022/company/r498200060/employ/
73,アルプスアルパイン株式会社,半導体・電子部品・その他,機械／家電・ＡＶ機器／コンピュータ・通信機器・ＯＡ機器／自動車,https://job.rikunabi.com//2022/company/r498200060/employ/
74,OKK株式会社,機械,重電・産業用電気機器／半導体・電子部品・その他,https://job.rikunabi.com//2022/company/r498200060/employ/
75,ホーコス株式会社,機械,金属製品／プラント・エンジニアリング／自動車／機械設計,https://job.rikunabi.com//2022/company/r498200060/employ/
76,アズビル株式会社,総合電機（電気・電子機器）,半導体・電子部品・その他／精密機器／機械／設備・設備工事関連,https://job.rikunabi.com//2022/company/r498200060/employ/
77,株式会社三ツ知,自動車,鉄鋼／輸送機器／金属製品,https://job.rikunabi.com//2022/company/r498200060/employ/
78,シャープＮＥＣディスプレイソリューションズ株式会社,コンピュータ・通信機器・ＯＡ機器,半導体・電子部品・その他／精密機器／その他製造,https://job.rikunabi.com//2022/company/r498200060/employ/
79,福助工業株式会社,印刷関連,化学／紙・パルプ／その他製造／広告,https://job.rikunabi.com//2022/company/r498200060/employ/
80,高周波熱錬株式会社,重電・産業用電気機器,機械／金属製品／自動車／精密機器,https://job.rikunabi.com//2022/company/r498200060/employ/
81,レイズネクスト株式会社,プラント・エンジニアリング,設備・設備工事関連／建設／石油・石炭／非鉄金属,https://job.rikunabi.com//2022/company/r498200060/employ/
82,日本軽金属株式会社,非鉄金属,機械／化学／半導体・電子部品・その他／情報処理,https://job.rikunabi.com//2022/company/r498200060/employ/
83,山下ゴム株式会社,自動車,機械／商社（自動車・輸送機器）／商社（電機・電子・半導体）／化学,https://job.rikunabi.com//2022/company/r498200060/employ/
84,住友ゴム工業株式会社,タイヤ・ゴム製品,自動車／化学／その他製造,https://job.rikunabi.com//2022/company/r498200060/employ/
85,フジテック株式会社,機械,輸送機器／設備・設備工事関連／メンテナンス・清掃事業／安全・セキュリティ産業,https://job.rikunabi.com//2022/company/r498200060/employ/
86,アイ・シー・エンジニアリング株式会社,自動車,プラント・エンジニアリング／機械／建設／その他製造,https://job.rikunabi.com//2022/company/r498200060/employ/
87,コマツ産機株式会社,機械,重電・産業用電気機器／プラント・エンジニアリング／自動車／輸送機器,https://job.rikunabi.com//2022/company/r498200060/employ/
88,株式会社クボタ建設,建設,建設コンサルタント／建築設計／水道／その他サービス,https://job.rikunabi.com//2022/company/r498200060/employ/
89,サンアロイ工業株式会社,非鉄金属,金属製品／機械／商社（金属）／商社（機械）,https://job.rikunabi.com//2022/company/r498200060/employ/
90,ユニタイト株式会社,自動車,機械／金属製品／設備・設備工事関連／その他製造,https://job.rikunabi.com//2022/company/r498200060/employ/
91,リファインホールディングス株式会社,化学,プラント・エンジニアリング／機械／機械設計／エネルギー,https://job.rikunabi.com//2022/company/r498200060/employ/
92,株式会社チノー,精密機器,機械／プラント・エンジニアリング／重電・産業用電気機器／半導体・電子部品・その他,https://job.rikunabi.com//2022/company/r498200060/employ/
93,株式会社ROKI,輸送機器,自動車,https://job.rikunabi.com//2022/company/r498200060/employ/
94,株式会社ウッドワン ,建材・エクステリア,商社（建材・エクステリア）／住宅／建設／文具・事務機器・インテリア,https://job.rikunabi.com//2022/company/r498200060/employ/
95,ミクロン精密株式会社,機械,精密機器／その他製造,https://job.rikunabi.com//2022/company/r498200060/employ/
96,東ソー・シリカ株式会社,化学,,https://job.rikunabi.com//2022/company/r498200060/employ/
97,ケミカルグラウト株式会社,建設,建設コンサルタント／建築設計／機械設計／情報処理,https://job.rikunabi.com//2022/company/r498200060/employ/
98,株式会社ダイセル,化学,自動車／医薬品／食品／半導体・電子部品・その他,https://job.rikunabi.com//2022/company/r498200060/employ/
99,石原ケミカル株式会社,化学,半導体・電子部品・その他／商社（化学製品）／商社（金属）,https://job.rikunabi.com//2022/company/r498200060/employ/
100,株式会社アドバンテック,金属製品,半導体・電子部品・その他／エネルギー／商社（金属）／商社（電機・電子・半導体）,https://job.rikunabi.com//2022/company/r498200060/employ/
101,株式会社クリエイティブテクノロジー,半導体・電子部品・その他,精密機器／家電・ＡＶ機器,https://job.rikunabi.com//2022/company/r498200060/employ/
102,日本分光株式会社・ジャスコエンジニアリング株式会社,精密機器,,https://job.rikunabi.com//2022/company/r498200060/employ/
103,東洋熱工業株式会社,設備・設備工事関連,建設／建築設計／エネルギー,https://job.rikunabi.com//2022/company/r498200060/employ/
104,新明和工業株式会社,輸送機器,機械／自動車／精密機器／プラント・エンジニアリング,https://job.rikunabi.com//2022/company/r498200060/employ/
105,コベルコ建機株式会社,機械,輸送機器／商社（機械）／建設／商社（自動車・輸送機器）,https://job.rikunabi.com//2022/company/r498200060/employ/
106,シナノケンシ株式会社,精密機器,コンピュータ・通信機器・ＯＡ機器／自動車／半導体・電子部品・その他／家電・ＡＶ機器,https://job.rikunabi.com//2022/company/r498200060/employ/
107,株式会社 石垣,機械,プラント・エンジニアリング／重電・産業用電気機器／建設／設備・設備工事関連,https://job.rikunabi.com//2022/company/r498200060/employ/
108,日本電産テクノモータ株式会社,半導体・電子部品・その他,精密機器／重電・産業用電気機器／総合電機（電気・電子機器）,https://job.rikunabi.com//2022/company/r498200060/employ/
109,株式会社アスパーク,機械,総合電機（電気・電子機器）／コンサルタント・専門コンサルタント／人材サービス（人材紹介・人材派遣）／自動車,https://job.rikunabi.com//2022/company/r498200060/employ/
110,株式会社ユウワ,半導体・電子部品・その他,精密機器／コンピュータ・通信機器・ＯＡ機器／重電・産業用電気機器／家電・ＡＶ機器,https://job.rikunabi.com//2022/company/r498200060/employ/
111,東洋電装株式会社,自動車,輸送機器／機械設計／半導体・電子部品・その他／ソフトウェア,https://job.rikunabi.com//2022/company/r498200060/employ/
112,株式会社テクノ菱和,設備・設備工事関連,建設／プラント・エンジニアリング／メンテナンス・清掃事業,https://job.rikunabi.com//2022/company/r498200060/employ/
113,BEMAC株式会社,総合電機（電気・電子機器）,重電・産業用電気機器／プラント・エンジニアリング／情報処理／海運,https://job.rikunabi.com//2022/company/r498200060/employ/
114,住友電設株式会社,設備・設備工事関連,電力・電気／情報処理／建設／プラント・エンジニアリング,https://job.rikunabi.com//2022/company/r498200060/employ/
115,日本電産サンキョーシーエムアイ株式会社,半導体・電子部品・その他,非鉄金属,https://job.rikunabi.com//2022/company/r498200060/employ/
116,株式会社太平エンジニアリング,設備・設備工事関連,建設／メンテナンス・清掃事業／住宅,https://job.rikunabi.com//2022/company/r498200060/employ/
117,極東開発工業株式会社,自動車,輸送機器／プラント・エンジニアリング／機械／その他製造,https://job.rikunabi.com//2022/company/r498200060/employ/
118,日鉄テックスエンジ株式会社,プラント・エンジニアリング,情報処理／設備・設備工事関連／鉄鋼／建設,https://job.rikunabi.com//2022/company/r498200060/employ/
119,株式会社 鷺宮製作所,機械,自動車／精密機器／半導体・電子部品・その他／医療機器,https://job.rikunabi.com//2022/company/r498200060/employ/
120,株式会社エヌビーシー,自動車,半導体・電子部品・その他／精密機器／輸送機器／化学,https://job.rikunabi.com//2022/company/r498200060/employ/
121,ジャパンマリンユナイテッド株式会社,輸送機器,機械／重電・産業用電気機器／プラント・エンジニアリング／商社（自動車・輸送機器）,https://job.rikunabi.com//2022/company/r498200060/employ/
122,鉄建建設株式会社,建設,不動産,https://job.rikunabi.com//2022/company/r498200060/employ/
123,太平電業株式会社,プラント・エンジニアリング,建設／設備・設備工事関連／重電・産業用電気機器／機械,https://job.rikunabi.com//2022/company/r498200060/employ/
124,パナソニックデバイスＳＵＮＸ株式会社,半導体・電子部品・その他,精密機器,https://job.rikunabi.com//2022/company/r498200060/employ/
125,株式会社ミツトヨ,精密機器,機械／重電・産業用電気機器／総合電機（電気・電子機器）／半導体・電子部品・その他,https://job.rikunabi.com//2022/company/r498200060/employ/
126,株式会社初田製作所,機械,半導体・電子部品・その他／その他製造／設備・設備工事関連／化学,https://job.rikunabi.com//2022/company/r498200060/employ/
127,帝國製薬株式会社,医薬品,化粧品,https://job.rikunabi.com//2022/company/r498200060/employ/
128,ユニチカ株式会社,化学,繊維／機械／プラント・エンジニアリング／その他製造,https://job.rikunabi.com//2022/company/r498200060/employ/
129,株式会社タカミヤ,建材・エクステリア,金属製品／建設／住宅／設備・設備工事関連,https://job.rikunabi.com//2022/company/r498200060/employ/
130,ユタカ工業株式会社,自動車,輸送機器／機械／金属製品／設備・設備工事関連,https://job.rikunabi.com//2022/company/r498200060/employ/
131,タキロンシーアイ株式会社,化学,建材・エクステリア／プラント・エンジニアリング／その他製造,https://job.rikunabi.com//2022/company/r498200060/employ/
132,株式会社ジーテクト,自動車,輸送機器／金属製品／プラント・エンジニアリング／機械,https://job.rikunabi.com//2022/company/r498200060/employ/
133,ＴＯＷＡ株式会社,機械,精密機器／半導体・電子部品・その他／金属製品／ガラス・セラミックス,https://job.rikunabi.com//2022/company/r498200060/employ/
134,知多鋼業株式会社,自動車,輸送機器／機械／金属製品／精密機器,https://job.rikunabi.com//2022/company/r498200060/employ/
135,ローム株式会社,半導体・電子部品・その他,,https://job.rikunabi.com//2022/company/r498200060/employ/
136,八光グループ(株式会社八光電機、株式会社八光、株式会社八光興発、名古屋八光商事株式会社),医療機器,重電・産業用電気機器／その他商社,https://job.rikunabi.com//2022/company/r498200060/employ/
137,スガツネ工業株式会社,金属製品,建材・エクステリア／文具・事務機器・インテリア／商社（金属）／商社（インテリア）,https://job.rikunabi.com//2022/company/r498200060/employ/
138,株式会社 吉野工業所,化学,機械／化粧品／食品／医薬品,https://job.rikunabi.com//2022/company/r498200060/employ/
139,株式会社トピア,自動車,金属製品／輸送機器／機械,https://job.rikunabi.com//2022/company/r498200060/employ/
140,株式会社湯山製作所,医療機器,精密機器／機械／その他製造,https://job.rikunabi.com//2022/company/r498200060/employ/
141,株式会社メイワパックス,印刷関連,化学／食品／化粧品／その他製造,https://job.rikunabi.com//2022/company/r498200060/employ/
142,共同エンジニアリング株式会社,建設,建設コンサルタント／プラント・エンジニアリング／設備・設備工事関連／人材サービス（人材紹介・人材派遣）,https://job.rikunabi.com//2022/company/r498200060/employ/
143,デンソー工業株式会社,半導体・電子部品・その他,コンピュータ・通信機器・ＯＡ機器／家電・ＡＶ機器／機械,https://job.rikunabi.com//2022/company/r498200060/employ/
144,スズキ株式会社,自動車,輸送機器／機械／半導体・電子部品・その他／その他製造,https://job.rikunabi.com//2022/company/r498200060/employ/
145,株式会社古川製作所,機械,その他製造,https://job.rikunabi.com//2022/company/r498200060/employ/
146,山洋電気株式会社,重電・産業用電気機器,総合電機（電気・電子機器）／機械／精密機器／半導体・電子部品・その他,https://job.rikunabi.com//2022/company/r498200060/employ/
147,株式会社丸山製作所,機械,農林／自動車／重電・産業用電気機器／輸送機器,https://job.rikunabi.com//2022/company/r498200060/employ/
148,株式会社シャトレーゼグループ,食品,,https://job.rikunabi.com//2022/company/r498200060/employ/
149,矢崎化工株式会社,機械,設備・設備工事関連／その他製造／金属製品,https://job.rikunabi.com//2022/company/r498200060/employ/
150,パナソニック　ライフソリューションズ社　グループ,総合電機（電気・電子機器）,設備・設備工事関連／建材・エクステリア／ソフトウェア／建築設計,https://job.rikunabi.com//2022/company/r498200060/employ/
151,株式会社フジマック,機械,商社（機械）／金属製品／設備・設備工事関連／商社（金属）,https://job.rikunabi.com//2022/company/r498200060/employ/
152,株式会社小矢部精機,機械,自動車／精密機器／プラント・エンジニアリング／設備・設備工事関連,https://job.rikunabi.com//2022/company/r498200060/employ/
153,日本スピンドル製造株式会社,機械,,https://job.rikunabi.com//2022/company/r498200060/employ/
154,アダマンド並木精密宝石株式会社,精密機器,半導体・電子部品・その他／医療機器／ガラス・セラミックス／鉱業,https://job.rikunabi.com//2022/company/r498200060/employ/
155,トリックス株式会社,自動車,,https://job.rikunabi.com//2022/company/r498200060/employ/
156,電気興業株式会社,総合電機（電気・電子機器）,機械／設備・設備工事関連／電力・電気／通信,https://job.rikunabi.com//2022/company/r498200060/employ/
157,芝浦機械株式会社,機械,半導体・電子部品・その他／精密機器／ソフトウェア／情報処理,https://job.rikunabi.com//2022/company/r498200060/employ/
158,株式会社技研製作所,機械,建設／ソフトウェア／コンサルタント・専門コンサルタント／建設コンサルタント,https://job.rikunabi.com//2022/company/r498200060/employ/
159,エスケー化研株式会社,化学,建材・エクステリア／建設／住宅／その他製造,https://job.rikunabi.com//2022/company/r498200060/employ/
160,日本カーバイド工業株式会社　,化学,医薬品／ガラス・セラミックス／半導体・電子部品・その他／プラント・エンジニアリング,https://job.rikunabi.com//2022/company/r498200060/employ/
161,株式会社デンソーエアシステムズ,自動車,その他製造／機械／輸送機器／金属製品,https://job.rikunabi.com//2022/company/r498200060/employ/
162,株式会社ツバキ・ナカシマ,機械,精密機器／金属製品／自動車／コンピュータ・通信機器・ＯＡ機器,https://job.rikunabi.com//2022/company/r498200060/employ/
163,金属技研株式会社,金属製品,非鉄金属／半導体・電子部品・その他／輸送機器／その他製造,https://job.rikunabi.com//2022/company/r498200060/employ/
164,双葉電子工業株式会社,機械,半導体・電子部品・その他／自動車／総合電機（電気・電子機器）／重電・産業用電気機器,https://job.rikunabi.com//2022/company/r498200060/employ/
165,ミネベアミツミ株式会社,半導体・電子部品・その他,機械／精密機器／コンピュータ・通信機器・ＯＡ機器／自動車,https://job.rikunabi.com//2022/company/r498200060/employ/
166,株式会社山本製作所,自動車,輸送機器／金属製品／その他製造／機械,https://job.rikunabi.com//2022/company/r498200060/employ/
167,有限会社柿原銘板製作所,印刷関連,金属製品,https://job.rikunabi.com//2022/company/r498200060/employ/
168,日本化学工業株式会社,化学,,https://job.rikunabi.com//2022/company/r498200060/employ/
169,新明和グループ,輸送機器,機械／自動車／建設／ソフトウェア,https://job.rikunabi.com//2022/company/r498200060/employ/
170,建設ゴム株式会社,化学,タイヤ・ゴム製品／商社（自動車・輸送機器）／商社（事務機器・ＯＡ関連）／自動車,https://job.rikunabi.com//2022/company/r498200060/employ/
171,株式会社久保田鐵工所,自動車,輸送機器／機械／金属製品／その他製造,https://job.rikunabi.com//2022/company/r498200060/employ/
172,三機工業株式会社,設備・設備工事関連,建設／プラント・エンジニアリング／機械／電力・電気,https://job.rikunabi.com//2022/company/r498200060/employ/
173,タマノイ酢株式会社,食品,,https://job.rikunabi.com//2022/company/r498200060/employ/
174,株式会社F&Cホールディングス,金属製品,商社（金属）／商社（自動車・輸送機器）／商社（建材・エクステリア）／自動車,https://job.rikunabi.com//2022/company/r498200060/employ/
175,株式会社タカギ,設備・設備工事関連,精密機器／機械／金属製品／商社（インテリア）,https://job.rikunabi.com//2022/company/r498200060/employ/
176,東邦亜鉛株式会社,非鉄金属,半導体・電子部品・その他／機械／金属製品／化学,https://job.rikunabi.com//2022/company/r498200060/employ/
177,スーパーバッグ株式会社 ,紙・パルプ,印刷関連／商社（紙）／商社（石油製品）／文具・事務機器・インテリア,https://job.rikunabi.com//2022/company/r498200060/employ/
178,ローム・ワコー株式会社,半導体・電子部品・その他,精密機器,https://job.rikunabi.com//2022/company/r498200060/employ/
179,オートリブ株式会社,自動車,輸送機器／機械／精密機器／半導体・電子部品・その他,https://job.rikunabi.com//2022/company/r498200060/employ/
180,株式会社河合楽器製作所,その他製造,半導体・電子部品・その他／金属製品／コンピュータ・通信機器・ＯＡ機器／教育関連,https://job.rikunabi.com//2022/company/r498200060/employ/
181,大崎電気工業株式会社,総合電機（電気・電子機器）,電力・電気／重電・産業用電気機器／ソフトウェア／設備・設備工事関連,https://job.rikunabi.com//2022/company/r498200060/employ/
182,三井金属鉱業株式会社,非鉄金属,プラント・エンジニアリング／金属製品／ガラス・セラミックス／自動車,https://job.rikunabi.com//2022/company/r498200060/employ/
183,シンワ株式会社,繊維,その他製造／紙・パルプ,https://job.rikunabi.com//2022/company/r498200060/employ/
184,株式会社トプコン ,精密機器,医療機器／コンピュータ・通信機器・ＯＡ機器／重電・産業用電気機器／機械,https://job.rikunabi.com//2022/company/r498200060/employ/
185,東洋建設株式会社,建設,建築設計／機械設計／設備・設備工事関連／プラント・エンジニアリング,https://job.rikunabi.com//2022/company/r498200060/employ/
186,中村科学工業株式会社,機械,プラント・エンジニアリング／精密機器／自動車／機械設計,https://job.rikunabi.com//2022/company/r498200060/employ/
187,テイ・エス テック株式会社,自動車,輸送機器／機械設計／半導体・電子部品・その他／商社（自動車・輸送機器）,https://job.rikunabi.com//2022/company/r498200060/employ/
188,ダイダン株式会社,設備・設備工事関連,建設／プラント・エンジニアリング,https://job.rikunabi.com//2022/company/r498200060/employ/
189,株式会社愛亀,建設,プラント・エンジニアリング／設備・設備工事関連／農林／建築設計,https://job.rikunabi.com//2022/company/r498200060/employ/
190,株式会社マクシス エンジニアリング,機械,自動車／半導体・電子部品・その他／プラント・エンジニアリング／設備・設備工事関連,https://job.rikunabi.com//2022/company/r498200060/employ/
191,大阪製鐵株式会社 ,鉄鋼,金属製品／建材・エクステリア／建設,https://job.rikunabi.com//2022/company/r498200060/employ/
192,株式会社トヨテック,精密機器,ガラス・セラミックス／その他製造,https://job.rikunabi.com//2022/company/r498200060/employ/
193,株式会社タクマ,プラント・エンジニアリング,機械／建設／機械設計／エネルギー,https://job.rikunabi.com//2022/company/r498200060/employ/
194,三浦工業株式会社,機械,プラント・エンジニアリング／設備・設備工事関連／重電・産業用電気機器／医療機器,https://job.rikunabi.com//2022/company/r498200060/employ/
195,イハラサイエンス株式会社,半導体・電子部品・その他,金属製品／精密機器／設備・設備工事関連／輸送機器,https://job.rikunabi.com//2022/company/r498200060/employ/
196,株式会社ＮＢＣメッシュテック,繊維,自動車／家電・ＡＶ機器／半導体・電子部品・その他／医療機器,https://job.rikunabi.com//2022/company/r498200060/employ/
197, 株式会社不動テトラ,建設,建設コンサルタント／機械設計／リース・レンタル／その他商社,https://job.rikunabi.com//2022/company/r498200060/employ/
198,株式会社マーレフィルターシステムズ,自動車,輸送機器／機械／精密機器／その他製造,https://job.rikunabi.com//2022/company/r498200060/employ/
199,興国インテック株式会社,タイヤ・ゴム製品,化学／機械／自動車／医療機器,https://job.rikunabi.com//2022/company/r498200060/employ/
200,株式会社松屋フーズ,食品,外食・レストラン・フードサービス／商社（食料品）／その他専門店・小売,https://job.rikunabi.com//2022/company/r498200060/employ/
201,日機装株式会社,医療機器,精密機器／機械／プラント・エンジニアリング／ソフトウェア,https://job.rikunabi.com//2022/company/r498200060/employ/
202,東芝エレベータ株式会社,機械,重電・産業用電気機器／輸送機器／総合電機（電気・電子機器）／設備・設備工事関連,https://job.rikunabi.com//2022/company/r498200060/employ/
203,株式会社MARUWA,半導体・電子部品・その他,ガラス・セラミックス／精密機器／建材・エクステリア／機械,https://job.rikunabi.com//2022/company/r498200060/employ/
204,株式会社ウイルテック,機械,自動車／家電・ＡＶ機器／総合電機（電気・電子機器）／人材サービス（人材紹介・人材派遣）,https://job.rikunabi.com//2022/company/r498200060/employ/
205,株式会社イハラ製作所,機械,自動車／輸送機器,https://job.rikunabi.com//2022/company/r498200060/employ/
206,株式会社シャルマン,アパレル・服飾・雑貨・皮革製品,金属製品／その他製造／医療機器,https://job.rikunabi.com//2022/company/r498200060/employ/
207,大阪特殊合金株式会社,非鉄金属,金属製品,https://job.rikunabi.com//2022/company/r498200060/employ/
208,株式会社槌屋　,化学,自動車／商社（化学製品）／商社（総合）／商社（自動車・輸送機器）,https://job.rikunabi.com//2022/company/r498200060/employ/
209,三井化学アグロ株式会社,化学,,https://job.rikunabi.com//2022/company/r498200060/employ/
210,新光電気工業株式会社,半導体・電子部品・その他,機械／化学／重電・産業用電気機器／プラント・エンジニアリング,https://job.rikunabi.com//2022/company/r498200060/employ/
211,株式会社不二越,機械,重電・産業用電気機器／精密機器／金属製品／鉄鋼,https://job.rikunabi.com//2022/company/r498200060/employ/
212,日本新薬株式会社,医薬品,食品,https://job.rikunabi.com//2022/company/r498200060/employ/
213,株式会社九電工,建設,設備・設備工事関連,https://job.rikunabi.com//2022/company/r498200060/employ/
214,株式会社淀川製鋼所,鉄鋼,建材・エクステリア／建設／金属製品／プラント・エンジニアリング,https://job.rikunabi.com//2022/company/r498200060/employ/
215,四国化成工業株式会社,化学,建材・エクステリア／金属製品,https://job.rikunabi.com//2022/company/r498200060/employ/
216,日本毛織株式会社,繊維,化学／機械／福祉・介護／不動産,https://job.rikunabi.com//2022/company/r498200060/employ/
217,若築建設株式会社,建設,建設コンサルタント／建築設計／住宅／不動産,https://job.rikunabi.com//2022/company/r498200060/employ/
218,ニッポンハムグループ,食品,商社（総合）／商社（食料品）／水産／農林,https://job.rikunabi.com//2022/company/r498200060/employ/
219,日東工器株式会社,機械,精密機器／医療機器／金属製品／建材・エクステリア,https://job.rikunabi.com//2022/company/r498200060/employ/
220,アサヒフォージ株式会社,自動車,機械／金属製品／輸送機器,https://job.rikunabi.com//2022/company/r498200060/employ/
221,明星工業株式会社,プラント・エンジニアリング,設備・設備工事関連／建設,https://job.rikunabi.com//2022/company/r498200060/employ/
222,飛島建設株式会社,建設,住宅／設備・設備工事関連／建築設計／建設コンサルタント,https://job.rikunabi.com//2022/company/r498200060/employ/
223,千寿製薬株式会社,医薬品,医療機器／化学／コンサルタント・専門コンサルタント,https://job.rikunabi.com//2022/company/r498200060/employ/
224,ルビコン株式会社,半導体・電子部品・その他,自動車／総合電機（電気・電子機器）／機械／コンピュータ・通信機器・ＯＡ機器,https://job.rikunabi.com//2022/company/r498200060/employ/
225,ショーワグローブ株式会社,化学,繊維／タイヤ・ゴム製品／機械／プラント・エンジニアリング,https://job.rikunabi.com//2022/company/r498200060/employ/
226,三菱ふそうトラック・バス株式会社,自動車,輸送機器／機械／重電・産業用電気機器／総合電機（電気・電子機器）,https://job.rikunabi.com//2022/company/r498200060/employ/
227,第一工業株式会社,設備・設備工事関連,機械／建設／プラント・エンジニアリング／建築設計,https://job.rikunabi.com//2022/company/r498200060/employ/
228,株式会社ソディック,機械,半導体・電子部品・その他／精密機器／ソフトウェア／機械設計,https://job.rikunabi.com//2022/company/r498200060/employ/
229,三建設備工業株式会社,建設,設備・設備工事関連／建築設計／機械設計／機械,https://job.rikunabi.com//2022/company/r498200060/employ/
230,新東工業株式会社,機械,プラント・エンジニアリング／設備・設備工事関連／自動車／半導体・電子部品・その他,https://job.rikunabi.com//2022/company/r498200060/employ/
231,旭ダイヤモンド工業株式会社,機械,金属製品／自動車／ガラス・セラミックス／輸送機器,https://job.rikunabi.com//2022/company/r498200060/employ/
232,株式会社竹中土木,建設,,https://job.rikunabi.com//2022/company/r498200060/employ/
233,TOYO TIRE株式会社,タイヤ・ゴム製品,自動車／輸送機器／化学／その他製造,https://job.rikunabi.com//2022/company/r498200060/employ/
234,日本ゼオン株式会社,化学,タイヤ・ゴム製品／医療機器,https://job.rikunabi.com//2022/company/r498200060/employ/
235,株式会社ナナミ,文具・事務機器・インテリア,,https://job.rikunabi.com//2022/company/r498200060/employ/
236,三菱自動車工業株式会社,自動車,,https://job.rikunabi.com//2022/company/r498200060/employ/
237,日鍛バルブ株式会社,自動車,機械／輸送機器／精密機器／商社（自動車・輸送機器）,https://job.rikunabi.com//2022/company/r498200060/employ/
238,株式会社ITP,印刷関連,インターネット関連／情報処理／ソフトウェア／出版,https://job.rikunabi.com//2022/company/r498200060/employ/
239,株式会社ユーシン精機　,機械,重電・産業用電気機器／総合電機（電気・電子機器）／精密機器／その他製造,https://job.rikunabi.com//2022/company/r498200060/employ/
240,株式会社フルヤ金属,非鉄金属,金属製品／化学／半導体・電子部品・その他／コンピュータ・通信機器・ＯＡ機器,https://job.rikunabi.com//2022/company/r498200060/employ/
241,日野自動車株式会社,自動車,輸送機器／その他製造,https://job.rikunabi.com//2022/company/r498200060/employ/
242,株式会社ハイレックスコーポレーション,自動車,輸送機器／医療機器／機械／精密機器,https://job.rikunabi.com//2022/company/r498200060/employ/
243,株式会社キラ・コーポレーション,機械,精密機器／自動車／重電・産業用電気機器／半導体・電子部品・その他,https://job.rikunabi.com//2022/company/r498200060/employ/
244,リンナイ株式会社,金属製品,設備・設備工事関連／住宅／その他製造,https://job.rikunabi.com//2022/company/r498200060/employ/
245,株式会社日東,自動車,機械／金属製品／重電・産業用電気機器／家電・ＡＶ機器,https://job.rikunabi.com//2022/company/r498200060/employ/
246,雪印種苗株式会社,農林,その他製造／建設,https://job.rikunabi.com//2022/company/r498200060/employ/
247,ニチコン株式会社,半導体・電子部品・その他,,https://job.rikunabi.com//2022/company/r498200060/employ/
248,株式会社酉島製作所,機械,プラント・エンジニアリング／設備・設備工事関連／重電・産業用電気機器／その他製造,https://job.rikunabi.com//2022/company/r498200060/employ/
249,株式会社佐賀鉄工所,金属製品,自動車／機械,https://job.rikunabi.com//2022/company/r498200060/employ/
250,住友理工株式会社,タイヤ・ゴム製品,自動車／輸送機器／住宅／医療機器,https://job.rikunabi.com//2022/company/r498200060/employ/
251,日清製粉グループ,食品,プラント・エンジニアリング／その他製造／繊維,https://job.rikunabi.com//2022/company/r498200060/employ/
252,住化農業資材株式会社,農林,食品／化学／機械／その他製造,https://job.rikunabi.com//2022/company/r498200060/employ/
253,株式会社　石崎本店,自動車,建材・エクステリア／輸送機器／建設／機械,https://job.rikunabi.com//2022/company/r498200060/employ/
254,住友大阪セメント株式会社,化学,セメント／鉱業／建材・エクステリア／半導体・電子部品・その他,https://job.rikunabi.com//2022/company/r498200060/employ/
255,日東紡績株式会社,ガラス・セラミックス,化学／繊維／医薬品,https://job.rikunabi.com//2022/company/r498200060/employ/
256,参天製薬株式会社,医薬品,医療機器／化学,https://job.rikunabi.com//2022/company/r498200060/employ/
257,アシックスグループ,その他製造,アパレル・服飾・雑貨・皮革製品／タイヤ・ゴム製品／スポーツ・フィットネス・ヘルス関連施設／レジャー・アミューズメント・パチンコ,https://job.rikunabi.com//2022/company/r498200060/employ/
258,オークマ株式会社,機械,重電・産業用電気機器／コンピュータ・通信機器・ＯＡ機器／情報処理／ソフトウェア,https://job.rikunabi.com//2022/company/r498200060/employ/
259,江崎グリコ株式会社,食品,化粧品／化学／商社（食料品）／医薬品,https://job.rikunabi.com//2022/company/r498200060/employ/
260,セイコーエプソン株式会社,精密機器,総合電機（電気・電子機器）／半導体・電子部品・その他／コンピュータ・通信機器・ＯＡ機器,https://job.rikunabi.com//2022/company/r498200060/employ/
261,富士フイルム株式会社＋グループ会社12社,化学,精密機器／医療機器／印刷関連／化粧品,https://job.rikunabi.com//2022/company/r498200060/employ/
262,京セラドキュメントソリューションズ株式会社,コンピュータ・通信機器・ＯＡ機器,精密機器／機械／文具・事務機器・インテリア／印刷関連,https://job.rikunabi.com//2022/company/r498200060/employ/
263,三菱電機株式会社,総合電機（電気・電子機器）,重電・産業用電気機器／半導体・電子部品・その他／家電・ＡＶ機器／コンピュータ・通信機器・ＯＡ機器,https://job.rikunabi.com//2022/company/r498200060/employ/
264,積水化学工業株式会社,住宅,化学／建材・エクステリア／半導体・電子部品・その他／機械,https://job.rikunabi.com//2022/company/r498200060/employ/
265,明治グループ(株式会社 明治・Meiji Seika ファルマ株式会社),食品,医薬品,https://job.rikunabi.com//2022/company/r498200060/employ/
266,株式会社明電舎,重電・産業用電気機器,プラント・エンジニアリング／機械／半導体・電子部品・その他／精密機器,https://job.rikunabi.com//2022/company/r498200060/employ/
267,アイカ工業株式会社,化学,建材・エクステリア／その他製造,https://job.rikunabi.com//2022/company/r498200060/employ/
268,株式会社ダイフク,機械,輸送機器／重電・産業用電気機器／プラント・エンジニアリング／自動車,https://job.rikunabi.com//2022/company/r498200060/employ/
269,株式会社豊田自動織機,自動車,輸送機器／半導体・電子部品・その他／機械／繊維,https://job.rikunabi.com//2022/company/r498200060/employ/
270,EIZO株式会社 ,コンピュータ・通信機器・ＯＡ機器,家電・ＡＶ機器／総合電機（電気・電子機器）／医療機器／ソフトウェア,https://job.rikunabi.com//2022/company/r498200060/employ/
271,株式会社SUMCO,非鉄金属,金属製品／半導体・電子部品・その他／家電・ＡＶ機器／総合電機（電気・電子機器）,https://job.rikunabi.com//2022/company/r498200060/employ/
272,日立Astemo株式会社,輸送機器,自動車,https://job.rikunabi.com//2022/company/r498200060/employ/
273,アスカ株式会社,自動車,重電・産業用電気機器／金属製品／総合電機（電気・電子機器）／機械,https://job.rikunabi.com//2022/company/r498200060/employ/
274,住江織物株式会社,繊維,自動車／輸送機器／化学／文具・事務機器・インテリア,https://job.rikunabi.com//2022/company/r498200060/employ/
275,古河機械金属株式会社,機械,プラント・エンジニアリング／非鉄金属,https://job.rikunabi.com//2022/company/r498200060/employ/
276,コーセル株式会社,半導体・電子部品・その他,,https://job.rikunabi.com//2022/company/r498200060/employ/
277,キヤノンメディカルシステムズ株式会社,医療機器,商社（医療機器）／精密機器／医療関連・医療機関／ソフトウェア,https://job.rikunabi.com//2022/company/r498200060/employ/
278,株式会社ヤクルト本社,食品,医薬品／化粧品,https://job.rikunabi.com//2022/company/r498200060/employ/
279,株式会社ニコン,精密機器,,https://job.rikunabi.com//2022/company/r498200060/employ/
280,三井ホーム株式会社,住宅,建設／商社（建材・エクステリア）／不動産／建築設計,https://job.rikunabi.com//2022/company/r498200060/employ/
281,石原産業株式会社,化学,医薬品／プラント・エンジニアリング／商社（化学製品）,https://job.rikunabi.com//2022/company/r498200060/employ/
282,フタバ産業株式会社,自動車,輸送機器／設備・設備工事関連／機械／コンピュータ・通信機器・ＯＡ機器,https://job.rikunabi.com//2022/company/r498200060/employ/
283,株式会社ピラミッド,繊維,化学／タイヤ・ゴム製品,https://job.rikunabi.com//2022/company/r498200060/employ/
284,ナミックス株式会社,化学,半導体・電子部品・その他／その他製造,https://job.rikunabi.com//2022/company/r498200060/employ/
285,THK株式会社,機械,精密機器／半導体・電子部品・その他／設備・設備工事関連／自動車,https://job.rikunabi.com//2022/company/r498200060/employ/
286,吉野石膏株式会社,建材・エクステリア,ガラス・セラミックス／化学／住宅／プラント・エンジニアリング,https://job.rikunabi.com//2022/company/r498200060/employ/
287,ペガサスミシン製造株式会社,機械,精密機器／自動車／その他製造,https://job.rikunabi.com//2022/company/r498200060/employ/
288,日本精工株式会社,機械,精密機器／重電・産業用電気機器／金属製品,https://job.rikunabi.com//2022/company/r498200060/employ/
289,ルネサス エレクトロニクス株式会社,半導体・電子部品・その他,自動車／総合電機（電気・電子機器）／家電・ＡＶ機器／ソフトウェア,https://job.rikunabi.com//2022/company/r498200060/employ/
290,東レ株式会社,化学,繊維,https://job.rikunabi.com//2022/company/r498200060/employ/
291,京セラ株式会社,半導体・電子部品・その他,コンピュータ・通信機器・ＯＡ機器／精密機器／ガラス・セラミックス／通信,https://job.rikunabi.com//2022/company/r498200060/employ/
292,新日本空調株式会社,建設,設備・設備工事関連／プラント・エンジニアリング／エネルギー／建築設計,https://job.rikunabi.com//2022/company/r498200060/employ/
293,シーシーエス株式会社,精密機器,半導体・電子部品・その他／総合電機（電気・電子機器）／機械／重電・産業用電気機器,https://job.rikunabi.com//2022/company/r498200060/employ/
294,三ツ星ベルト株式会社,タイヤ・ゴム製品,自動車／機械／精密機器／半導体・電子部品・その他,https://job.rikunabi.com//2022/company/r498200060/employ/
295,富士フイルムビジネスイノベーショングループ,精密機器,コンピュータ・通信機器・ＯＡ機器／ソフトウェア／印刷関連,https://job.rikunabi.com//2022/company/r498200060/employ/
296,シスメックス株式会社,医療機器,精密機器／医薬品／機械,https://job.rikunabi.com//2022/company/r498200060/employ/
297,株式会社ムーンスター,タイヤ・ゴム製品,アパレル・服飾・雑貨・皮革製品／その他製造,https://job.rikunabi.com//2022/company/r498200060/employ/
298,プレス工業株式会社　,自動車,輸送機器／機械／精密機器／商社（自動車・輸送機器）,https://job.rikunabi.com//2022/company/r498200060/employ/
299,株式会社村上開明堂,輸送機器,自動車／精密機器／半導体・電子部品・その他,https://job.rikunabi.com//2022/company/r498200060/employ/
300,日本電産株式会社,精密機器,半導体・電子部品・その他／自動車／家電・ＡＶ機器／コンピュータ・通信機器・ＯＡ機器,https://job.rikunabi.com//2022/company/r498200060/employ/
301,株式会社ウェッズ,輸送機器,商社（自動車・輸送機器）／専門店（自動車関連）／福祉・介護,https://job.rikunabi.com//2022/company/r498200060/employ/
302,丹羽鋳造株式会社,自動車,精密機器／輸送機器／金属製品／鉄鋼,https://job.rikunabi.com//2022/company/r498200060/employ/
303,富士電機株式会社,重電・産業用電気機器,半導体・電子部品・その他／プラント・エンジニアリング／情報処理,https://job.rikunabi.com//2022/company/r498200060/employ/
304,株式会社関電工,建設,設備・設備工事関連／電力・電気／プラント・エンジニアリング／通信,https://job.rikunabi.com//2022/company/r498200060/employ/
305,興和株式会社,医薬品,商社（総合）／商社（アパレル・服飾雑貨・貴金属）／医療機器／精密機器,https://job.rikunabi.com//2022/company/r498200060/employ/
306,アイシン精機株式会社,自動車,輸送機器／機械／精密機器／金属製品,https://job.rikunabi.com//2022/company/r498200060/employ/
307,株式会社奥村組,建設,不動産／住宅／建設コンサルタント／建築設計,https://job.rikunabi.com//2022/company/r498200060/employ/
308,株式会社不二工機,機械,自動車／精密機器／半導体・電子部品・その他／その他製造,https://job.rikunabi.com//2022/company/r498200060/employ/
309,横河電機株式会社,重電・産業用電気機器,精密機器,https://job.rikunabi.com//2022/company/r498200060/employ/
310,株式会社東洋クオリティワン,化学,自動車／建材・エクステリア／タイヤ・ゴム製品／文具・事務機器・インテリア,https://job.rikunabi.com//2022/company/r498200060/employ/
311,高砂熱学工業株式会社　,建設,設備・設備工事関連／プラント・エンジニアリング／機械／エネルギー,https://job.rikunabi.com//2022/company/r498200060/employ/
312,マックス株式会社,機械,文具・事務機器・インテリア／その他製造／総合電機（電気・電子機器）／家電・ＡＶ機器,https://job.rikunabi.com//2022/company/r498200060/employ/
313,東洋紡株式会社,化学,プラント・エンジニアリング／医療機器／繊維／情報処理,https://job.rikunabi.com//2022/company/r498200060/employ/
314,日鉄ステンレス株式会社,鉄鋼,非鉄金属／金属製品／鉱業／設備・設備工事関連,https://job.rikunabi.com//2022/company/r498200060/employ/
315,戸田建設株式会社,建設,不動産／住宅／設備・設備工事関連／建築設計,https://job.rikunabi.com//2022/company/r498200060/employ/
316,株式会社富山村田製作所,半導体・電子部品・その他,ガラス・セラミックス,https://job.rikunabi.com//2022/company/r498200060/employ/
317,藤森工業株式会社,化学,半導体・電子部品・その他／医薬品／医療機器／建材・エクステリア,https://job.rikunabi.com//2022/company/r498200060/employ/
318,キユーピー株式会社,食品,化粧品／医薬品／水産／農林,https://job.rikunabi.com//2022/company/r498200060/employ/
319,日本電気株式会社,総合電機（電気・電子機器）,通信／ソフトウェア／インターネット関連／コンピュータ・通信機器・ＯＡ機器,https://job.rikunabi.com//2022/company/r498200060/employ/
320,株式会社鴻池組,建設,設備・設備工事関連／建築設計／不動産／プラント・エンジニアリング,https://job.rikunabi.com//2022/company/r498200060/employ/
321,東亞合成株式会社,化学,商社（化学製品）／プラント・エンジニアリング／その他製造,https://job.rikunabi.com//2022/company/r498200060/employ/
322,横浜ゴム株式会社,タイヤ・ゴム製品,自動車／輸送機器／化学／金属製品,https://job.rikunabi.com//2022/company/r498200060/employ/
323,米久株式会社,食品,,https://job.rikunabi.com//2022/company/r498200060/employ/
324,朝日インテック株式会社,医療機器,精密機器／金属製品／その他製造／化学,https://job.rikunabi.com//2022/company/r498200060/employ/
325,アイム電機工業株式会社,機械,その他製造／プラント・エンジニアリング,https://job.rikunabi.com//2022/company/r498200060/employ/
326,日鉄エンジニアリング株式会社,プラント・エンジニアリング,設備・設備工事関連／機械／建設／エネルギー,https://job.rikunabi.com//2022/company/r498200060/employ/
327,株式会社きんでん,建設,設備・設備工事関連／電力・電気／プラント・エンジニアリング／通信,https://job.rikunabi.com//2022/company/r498200060/employ/
328,株式会社フジクラ,機械,非鉄金属／半導体・電子部品・その他／重電・産業用電気機器／自動車,https://job.rikunabi.com//2022/company/r498200060/employ/
329,株式会社　巴川製紙所,化学,半導体・電子部品・その他／紙・パルプ,https://job.rikunabi.com//2022/company/r498200060/employ/
330,株式会社神鋼環境ソリューション,プラント・エンジニアリング,機械／設備・設備工事関連／その他製造,https://job.rikunabi.com//2022/company/r498200060/employ/
331,タキイ種苗株式会社,食品,農林／その他商社／商社（化学製品）／商社（食料品）,https://job.rikunabi.com//2022/company/r498200060/employ/
332,ＪＦＥエンジニアリング株式会社,プラント・エンジニアリング,建設／重電・産業用電気機器／機械／商社（機械）,https://job.rikunabi.com//2022/company/r498200060/employ/
333,日本特殊陶業株式会社,ガラス・セラミックス,自動車／半導体・電子部品・その他／重電・産業用電気機器,https://job.rikunabi.com//2022/company/r498200060/employ/
334,ヤマザキマザック株式会社,機械,重電・産業用電気機器／精密機器,https://job.rikunabi.com//2022/company/r498200060/employ/
335,株式会社ロッテ,食品,,https://job.rikunabi.com//2022/company/r498200060/employ/
336,三菱マテリアル株式会社,セメント,非鉄金属／金属製品／半導体・電子部品・その他／化学,https://job.rikunabi.com//2022/company/r498200060/employ/
337,東京エレクトロングループ,機械,半導体・電子部品・その他,https://job.rikunabi.com//2022/company/r498200060/employ/
338,ＰＨＣ株式会社,精密機器,ソフトウェア／機械／コンピュータ・通信機器・ＯＡ機器,https://job.rikunabi.com//2022/company/r498200060/employ/
339,グローリー株式会社,機械,精密機器／半導体・電子部品・その他／情報処理／コンピュータ・通信機器・ＯＡ機器,https://job.rikunabi.com//2022/company/r498200060/employ/
340,株式会社エフ・シー・シー,輸送機器,自動車,https://job.rikunabi.com//2022/company/r498200060/employ/
341,矢崎総業株式会社,自動車,輸送機器／精密機器／半導体・電子部品・その他／その他製造,https://job.rikunabi.com//2022/company/r498200060/employ/
342,大成建設株式会社,建設,プラント・エンジニアリング／不動産／建築設計／住宅,https://job.rikunabi.com//2022/company/r498200060/employ/
343,フクダ電子株式会社,医療機器,精密機器／商社（医療機器）,https://job.rikunabi.com//2022/company/r498200060/employ/
344,関東化学株式会社,化学,医薬品／その他製造,https://job.rikunabi.com//2022/company/r498200060/employ/
345,愛知製鋼株式会社,鉄鋼,自動車／半導体・電子部品・その他,https://job.rikunabi.com//2022/company/r498200060/employ/
346,大和ハウス工業株式会社,住宅,建設／不動産／建築設計／建設コンサルタント,https://job.rikunabi.com//2022/company/r498200060/employ/
347,ミズノ株式会社,その他製造,商社（スポーツ用品）／商社（アパレル・服飾雑貨・貴金属）／専門店（スポーツ用品）／スポーツ・フィットネス・ヘルス関連施設,https://job.rikunabi.com//2022/company/r498200060/employ/
348,東リ株式会社,化学,文具・事務機器・インテリア／建材・エクステリア／住宅／設備・設備工事関連,https://job.rikunabi.com//2022/company/r498200060/employ/
349,株式会社 東海理化電機製作所,自動車,輸送機器／機械／半導体・電子部品・その他／化学,https://job.rikunabi.com//2022/company/r498200060/employ/
350,三菱ケミカル株式会社,化学,,https://job.rikunabi.com//2022/company/r498200060/employ/
351,株式会社ユポ・コーポレーション,化学,紙・パルプ,https://job.rikunabi.com//2022/company/r498200060/employ/
352,北越コーポレーション株式会社,紙・パルプ,繊維／農林／商社（紙）／プラント・エンジニアリング,https://job.rikunabi.com//2022/company/r498200060/employ/
353,大日本印刷株式会社,印刷関連,情報処理／インターネット関連／広告／半導体・電子部品・その他,https://job.rikunabi.com//2022/company/r498200060/employ/
354,大石産業株式会社,紙・パルプ,その他製造,https://job.rikunabi.com//2022/company/r498200060/employ/
355,ハウス食品株式会社,食品,,https://job.rikunabi.com//2022/company/r498200060/employ/
356,北越工業株式会社,機械,重電・産業用電気機器／金属製品／その他製造,https://job.rikunabi.com//2022/company/r498200060/employ/
357,株式会社カネカ,化学,食品／繊維／医療機器／半導体・電子部品・その他,https://job.rikunabi.com//2022/company/r498200060/employ/
358,株式会社アドヴィックス,自動車,輸送機器／機械／半導体・電子部品・その他／精密機器,https://job.rikunabi.com//2022/company/r498200060/employ/
359,井関農機株式会社,機械,プラント・エンジニアリング／精密機器／農林／その他製造,https://job.rikunabi.com//2022/company/r498200060/employ/
360,佐藤製薬株式会社,医薬品,化粧品／食品／化学／機械,https://job.rikunabi.com//2022/company/r498200060/employ/
361,宇部興産株式会社,化学,セメント／半導体・電子部品・その他／建材・エクステリア／医薬品,https://job.rikunabi.com//2022/company/r498200060/employ/
362,日清食品株式会社,食品,,https://job.rikunabi.com//2022/company/r498200060/employ/
363,株式会社フジタ,建設,設備・設備工事関連／建築設計／不動産／建設コンサルタント,https://job.rikunabi.com//2022/company/r498200060/employ/
364,ＴＯＴＯグループ,設備・設備工事関連,ガラス・セラミックス／機械／住宅／精密機器,https://job.rikunabi.com//2022/company/r498200060/employ/
365,旭化成,化学,繊維／半導体・電子部品・その他／医薬品／医療機器,https://job.rikunabi.com//2022/company/r498200060/employ/
366,レオン自動機株式会社,機械,重電・産業用電気機器／商社（機械）／コンサルタント・専門コンサルタント／その他製造,https://job.rikunabi.com//2022/company/r498200060/employ/
367,株式会社中山鉄工所,機械,プラント・エンジニアリング／建設／機械設計／メンテナンス・清掃事業,https://job.rikunabi.com//2022/company/r498200060/employ/
368,富士フイルム和光純薬株式会社,化学,医薬品／医療機器／商社（化学製品）／商社（医薬品）,https://job.rikunabi.com//2022/company/r498200060/employ/
369,株式会社大林組,建設,不動産／建築設計／設備・設備工事関連／プラント・エンジニアリング,https://job.rikunabi.com//2022/company/r498200060/employ/
370,住友金属鉱山株式会社,非鉄金属,化学／金属製品／半導体・電子部品・その他／プラント・エンジニアリング,https://job.rikunabi.com//2022/company/r498200060/employ/
371,セイコーインスツル株式会社,精密機器,半導体・電子部品・その他／機械／金属製品,https://job.rikunabi.com//2022/company/r498200060/employ/
372,株式会社オティックス,自動車,機械／設備・設備工事関連／非鉄金属／輸送機器,https://job.rikunabi.com//2022/company/r498200060/employ/
373,カントーカセイ株式会社,化学,家電・ＡＶ機器／精密機器／半導体・電子部品・その他／商社（化学製品）,https://job.rikunabi.com//2022/company/r498200060/employ/
374,関東電化工業株式会社,化学,食品／医薬品／金属製品／半導体・電子部品・その他,https://job.rikunabi.com//2022/company/r498200060/employ/
375,レンゴー株式会社,紙・パルプ,印刷関連／化学／その他製造,https://job.rikunabi.com//2022/company/r498200060/employ/
376,株式会社　日本触媒,化学,,https://job.rikunabi.com//2022/company/r498200060/employ/
377,昭和パックス株式会社,紙・パルプ,化学／機械／印刷関連／商社（石油製品）,https://job.rikunabi.com//2022/company/r498200060/employ/
378,株式会社中外,自動車,商社（自動車・輸送機器）／商社（機械）／輸送機器／商社（総合）,https://job.rikunabi.com//2022/company/r498200060/employ/
379,ＳＭＣ株式会社,機械,半導体・電子部品・その他／精密機器／自動車／重電・産業用電気機器,https://job.rikunabi.com//2022/company/r498200060/employ/
380,パラマウントベッドグループ（パラマウントベッド・パラマウントケアサービス）,医療機器,商社（総合）／商社（医療機器）／商社（インテリア）／コンサルタント・専門コンサルタント,https://job.rikunabi.com//2022/company/r498200060/employ/
381,山崎製パン株式会社,食品,その他専門店・小売／外食・レストラン・フードサービス／コンビニエンスストア,https://job.rikunabi.com//2022/company/r498200060/employ/
382,オルガノ株式会社,プラント・エンジニアリング,機械／設備・設備工事関連,https://job.rikunabi.com//2022/company/r498200060/employ/
383,アイリスオーヤマ株式会社,家電・ＡＶ機器,その他製造／食品／建材・エクステリア,https://job.rikunabi.com//2022/company/r498200060/employ/
384,ＪＸ金属株式会社,非鉄金属,金属製品／鉱業／半導体・電子部品・その他／ガラス・セラミックス,https://job.rikunabi.com//2022/company/r498200060/employ/
385,JFEミネラル株式会社,鉱業,鉄鋼／非鉄金属／半導体・電子部品・その他／コンサルタント・専門コンサルタント,https://job.rikunabi.com//2022/company/r498200060/employ/
386,三菱重工業株式会社＋事業会社5社,機械,プラント・エンジニアリング／輸送機器／重電・産業用電気機器／総合電機（電気・電子機器）,https://job.rikunabi.com//2022/company/r498200060/employ/
387,日本電子株式会社,精密機器,機械／医療機器／半導体・電子部品・その他／重電・産業用電気機器,https://job.rikunabi.com//2022/company/r498200060/employ/
388,株式会社竹中工務店,建設,建築設計／不動産／設備・設備工事関連／プラント・エンジニアリング,https://job.rikunabi.com//2022/company/r498200060/employ/
389,株式会社大気社,建設,設備・設備工事関連／プラント・エンジニアリング／重電・産業用電気機器／自動車,https://job.rikunabi.com//2022/company/r498200060/employ/
390,パーカー加工株式会社,化学,機械／自動車／金属製品／商社（自動車・輸送機器）,https://job.rikunabi.com//2022/company/r498200060/employ/
391,長谷工グループ,建設,不動産／住宅,https://job.rikunabi.com//2022/company/r498200060/employ/
392,日鉄鋼管株式会社,鉄鋼,自動車／建材・エクステリア／金属製品,https://job.rikunabi.com//2022/company/r498200060/employ/
393,ＳＵＳ株式会社,機械,精密機器／金属製品／建材・エクステリア／建設,https://job.rikunabi.com//2022/company/r498200060/employ/
394,三井住友建設株式会社,建設,設備・設備工事関連／建築設計／住宅／不動産,https://job.rikunabi.com//2022/company/r498200060/employ/
395,日鉄ケミカル＆マテリアル株式会社,化学,石油・石炭／半導体・電子部品・その他／非鉄金属／金属製品,https://job.rikunabi.com//2022/company/r498200060/employ/
396,株式会社小森コーポレーション　,機械,精密機器／印刷関連／商社（機械）／その他商社,https://job.rikunabi.com//2022/company/r498200060/employ/
397,株式会社Mizkan J plus Holdings,食品,,https://job.rikunabi.com//2022/company/r498200060/employ/
398,田辺三菱製薬株式会社,医薬品,化学／医療機器,https://job.rikunabi.com//2022/company/r498200060/employ/
399,ユニ・チャームプロダクツ株式会社,紙・パルプ,化学／機械,https://job.rikunabi.com//2022/company/r498200060/employ/
400,株式会社ナ・デックス,精密機器,商社（機械）／商社（電機・電子・半導体）／重電・産業用電気機器／自動車,https://job.rikunabi.com//2022/company/r498200060/employ/
401,株式会社熊谷組,建設,設備・設備工事関連／機械／建築設計／住宅,https://job.rikunabi.com//2022/company/r498200060/employ/
402,株式会社 安藤・間,建設,建築設計／設備・設備工事関連／住宅／不動産,https://job.rikunabi.com//2022/company/r498200060/employ/
403,ヤマハモーターパワープロダクツ株式会社,輸送機器,機械／自動車／総合電機（電気・電子機器）,https://job.rikunabi.com//2022/company/r498200060/employ/
404,村田機械株式会社,機械,輸送機器／繊維／コンピュータ・通信機器・ＯＡ機器／ソフトウェア,https://job.rikunabi.com//2022/company/r498200060/employ/
405,豊田合成株式会社,輸送機器,機械／半導体・電子部品・その他／化学,https://job.rikunabi.com//2022/company/r498200060/employ/
406,太平洋工業株式会社,自動車,機械／輸送機器／半導体・電子部品・その他,https://job.rikunabi.com//2022/company/r498200060/employ/
407,株式会社ＭＯＬＤＩＮＯ,金属製品,非鉄金属／機械,https://job.rikunabi.com//2022/company/r498200060/employ/
408,株式会社 医学生物学研究所,医薬品,化学／医療機器／コンサルタント・専門コンサルタント,https://job.rikunabi.com//2022/company/r498200060/employ/
409,日本製鉄株式会社,鉄鋼,機械／設備・設備工事関連／プラント・エンジニアリング／重電・産業用電気機器,https://job.rikunabi.com//2022/company/r498200060/employ/
410,フクビ化学工業株式会社,化学,建材・エクステリア／家電・ＡＶ機器／自動車／商社（建材・エクステリア）,https://job.rikunabi.com//2022/company/r498200060/employ/
411,デンカ株式会社,化学,医薬品／ガラス・セラミックス／半導体・電子部品・その他／セメント,https://job.rikunabi.com//2022/company/r498200060/employ/
412,ソニーグループ,総合電機（電気・電子機器）,ゲーム・アミューズメント機器／半導体・電子部品・その他／家電・ＡＶ機器,https://job.rikunabi.com//2022/company/r498200060/employ/
413,株式会社JCU,化学,精密機器／自動車／商社（自動車・輸送機器）／商社（化学製品）,https://job.rikunabi.com//2022/company/r498200060/employ/
414,日本ケミコン株式会社,半導体・電子部品・その他,コンピュータ・通信機器・ＯＡ機器／重電・産業用電気機器／自動車／家電・ＡＶ機器,https://job.rikunabi.com//2022/company/r498200060/employ/
415,株式会社正興電機製作所,重電・産業用電気機器,ソフトウェア／機械／プラント・エンジニアリング／半導体・電子部品・その他,https://job.rikunabi.com//2022/company/r498200060/employ/
416,ヤマサ醤油株式会社,食品,医薬品,https://job.rikunabi.com//2022/company/r498200060/employ/
417,多摩化学工業株式会社,化学,半導体・電子部品・その他／プラント・エンジニアリング／商社（化学製品）,https://job.rikunabi.com//2022/company/r498200060/employ/
418,日清オイリオグループ株式会社,食品,化学,https://job.rikunabi.com//2022/company/r498200060/employ/
419,日本製鉄グループ,鉄鋼,プラント・エンジニアリング／商社（金属）／建築設計／化学,https://job.rikunabi.com//2022/company/r498200060/employ/
420,株式会社メニコン,医療機器,,https://job.rikunabi.com//2022/company/r498200060/employ/
421,ライト工業株式会社,建設,,https://job.rikunabi.com//2022/company/r498200060/employ/
422,アイホン株式会社,設備・設備工事関連,精密機器／コンピュータ・通信機器・ＯＡ機器／安全・セキュリティ産業／通信,https://job.rikunabi.com//2022/company/r498200060/employ/
423,DOWAサーモテック株式会社,輸送機器,機械／金属製品／プラント・エンジニアリング／鉄鋼,https://job.rikunabi.com//2022/company/r498200060/employ/
424,カーリットホールディングス株式会社,化学,半導体・電子部品・その他／化粧品／医薬品／金属製品,https://job.rikunabi.com//2022/company/r498200060/employ/
425,株式会社大日光・エンジニアリング,精密機器,半導体・電子部品・その他／医療機器／自動車／航空,https://job.rikunabi.com//2022/company/r498200060/employ/
426,理想科学工業株式会社,機械,総合電機（電気・電子機器）／コンピュータ・通信機器・ＯＡ機器,https://job.rikunabi.com//2022/company/r498200060/employ/
427,住友重機械工業株式会社,機械,金属製品／プラント・エンジニアリング／精密機器／半導体・電子部品・その他,https://job.rikunabi.com//2022/company/r498200060/employ/
428,東邦チタニウム株式会社,非鉄金属,化学／ガラス・セラミックス／半導体・電子部品・その他／金属製品,https://job.rikunabi.com//2022/company/r498200060/employ/
429,日東富士製粉株式会社,食品,,https://job.rikunabi.com//2022/company/r498200060/employ/
430,ＪＦＥケミカル株式会社,化学,石油・石炭／ガラス・セラミックス／鉄鋼／半導体・電子部品・その他,https://job.rikunabi.com//2022/company/r498200060/employ/
431,ヒロセ電機株式会社,半導体・電子部品・その他,機械,https://job.rikunabi.com//2022/company/r498200060/employ/
432,株式会社筑水キャニコム,輸送機器,自動車／機械,https://job.rikunabi.com//2022/company/r498200060/employ/
433,パナソニック ホームズ株式会社,住宅,建設／建築設計／文具・事務機器・インテリア／建設コンサルタント,https://job.rikunabi.com//2022/company/r498200060/employ/
434,株式会社 小松製作所,機械,重電・産業用電気機器／輸送機器／半導体・電子部品・その他／ソフトウェア,https://job.rikunabi.com//2022/company/r498200060/employ/
435,株式会社タダノ,機械,輸送機器／自動車／商社（機械）,https://job.rikunabi.com//2022/company/r498200060/employ/
436,佐藤工業株式会社,建設,設備・設備工事関連／機械設計／建築設計／建設コンサルタント,https://job.rikunabi.com//2022/company/r498200060/employ/
437,住友ベークライト株式会社,化学,半導体・電子部品・その他／自動車／医療機器／食品,https://job.rikunabi.com//2022/company/r498200060/employ/
438,株式会社デンソーテン,自動車,半導体・電子部品・その他／コンピュータ・通信機器・ＯＡ機器／家電・ＡＶ機器,https://job.rikunabi.com//2022/company/r498200060/employ/
439,積水メディカル株式会社,医薬品,医療機器／化学,https://job.rikunabi.com//2022/company/r498200060/employ/
440,株式会社ダイクレ,金属製品,建材・エクステリア／建設／設備・設備工事関連／非鉄金属,https://job.rikunabi.com//2022/company/r498200060/employ/
441,東芝、東芝エネルギーシステムズ、東芝インフラシステムズ、東芝デバイス&ストレージ、東芝デジタルソリューションズ,総合電機（電気・電子機器）,重電・産業用電気機器／半導体・電子部品・その他／情報処理／エネルギー,https://job.rikunabi.com//2022/company/r498200060/employ/
442,株式会社キーエンス,総合電機（電気・電子機器）,重電・産業用電気機器／コンピュータ・通信機器・ＯＡ機器／半導体・電子部品・その他／精密機器,https://job.rikunabi.com//2022/company/r498200060/employ/
443,東海サーモ株式会社,繊維,化学／自動車／輸送機器／アパレル・服飾・雑貨・皮革製品,https://job.rikunabi.com//2022/company/r498200060/employ/
444,キッコーマン株式会社,食品,,https://job.rikunabi.com//2022/company/r498200060/employ/
445,山陽特殊製鋼株式会社,鉄鋼,金属製品／非鉄金属,https://job.rikunabi.com//2022/company/r498200060/employ/
446,株式会社メイドー,自動車,金属製品／輸送機器／精密機器,https://job.rikunabi.com//2022/company/r498200060/employ/
447,伊藤ハム米久ホールディングスグループ,食品,,https://job.rikunabi.com//2022/company/r498200060/employ/
448,株式会社タチエス,輸送機器,自動車／機械,https://job.rikunabi.com//2022/company/r498200060/employ/
449,本田金属技術株式会社,輸送機器,自動車／非鉄金属／金属製品,https://job.rikunabi.com//2022/company/r498200060/employ/
450,西松建設株式会社,建設,設備・設備工事関連／プラント・エンジニアリング／不動産／建設コンサルタント,https://job.rikunabi.com//2022/company/r498200060/employ/
451,セントラル硝子株式会社,化学,ガラス・セラミックス／医薬品／建材・エクステリア／プラント・エンジニアリング,https://job.rikunabi.com//2022/company/r498200060/employ/
452,アサヒビール株式会社,食品,,https://job.rikunabi.com//2022/company/r498200060/employ/
453,コマニー株式会社,建材・エクステリア,建設／文具・事務機器・インテリア／建築設計／その他製造,https://job.rikunabi.com//2022/company/r498200060/employ/
454,株式会社ダーツライブ,ゲーム・アミューズメント機器,ゲームソフト／インターネット関連／レジャー・アミューズメント・パチンコ／商社（機械）,https://job.rikunabi.com//2022/company/r498200060/employ/
455,株式会社ジェイ・エム・エス,医療機器,医薬品／精密機器,https://job.rikunabi.com//2022/company/r498200060/employ/
456,キリンエンジニアリング株式会社,プラント・エンジニアリング,建設／設備・設備工事関連／食品／医薬品,https://job.rikunabi.com//2022/company/r498200060/employ/
457,パナソニック エコシステムズ株式会社,総合電機（電気・電子機器）,家電・ＡＶ機器／重電・産業用電気機器／設備・設備工事関連／半導体・電子部品・その他,https://job.rikunabi.com//2022/company/r498200060/employ/
458,富士電機グループ,重電・産業用電気機器,半導体・電子部品・その他／プラント・エンジニアリング／情報処理,https://job.rikunabi.com//2022/company/r498200060/employ/
459,株式会社ＡＤＥＫＡ,化学,食品,https://job.rikunabi.com//2022/company/r498200060/employ/
460,株式会社ロゴスホーム,住宅,建設／不動産／建設コンサルタント／建築設計,https://job.rikunabi.com//2022/company/r498200060/employ/
461,株式会社イーカム,アパレル・服飾・雑貨・皮革製品,繊維／商社（アパレル・服飾雑貨・貴金属）／専門店（服飾雑貨・繊維製品・貴金属）／インターネット関連,https://job.rikunabi.com//2022/company/r498200060/employ/
462,DOWAホールディングス株式会社,非鉄金属,金属製品／プラント・エンジニアリング／半導体・電子部品・その他,https://job.rikunabi.com//2022/company/r498200060/employ/
463,日本水産株式会社,食品,水産／商社（食料品）／医薬品／化学,https://job.rikunabi.com//2022/company/r498200060/employ/
464,平田機工株式会社,機械,プラント・エンジニアリング／精密機器／医療機器／重電・産業用電気機器,https://job.rikunabi.com//2022/company/r498200060/employ/
465,株式会社ジェイテクト,自動車,機械／設備・設備工事関連／半導体・電子部品・その他／輸送機器,https://job.rikunabi.com//2022/company/r498200060/employ/
466,キヤノン株式会社,精密機器,コンピュータ・通信機器・ＯＡ機器／半導体・電子部品・その他／家電・ＡＶ機器／総合電機（電気・電子機器）,https://job.rikunabi.com//2022/company/r498200060/employ/
467,ホッカンホールディングス株式会社,食品,金属製品／機械／商社（金属）／商社（機械）,https://job.rikunabi.com//2022/company/r498200060/employ/
468,株式会社ＳＵＢＡＲＵ,自動車,輸送機器,https://job.rikunabi.com//2022/company/r498200060/employ/
469,太平洋セメント株式会社,セメント,鉱業／建材・エクステリア／化学,https://job.rikunabi.com//2022/company/r498200060/employ/
470,寺崎電気産業株式会社,総合電機（電気・電子機器）,医療機器／機械／重電・産業用電気機器／半導体・電子部品・その他,https://job.rikunabi.com//2022/company/r498200060/employ/
471,積水ハウス株式会社,住宅,建設／建築設計／不動産,https://job.rikunabi.com//2022/company/r498200060/employ/
472,ハリマ化成株式会社,化学,紙・パルプ／タイヤ・ゴム製品／半導体・電子部品・その他／印刷関連,https://job.rikunabi.com//2022/company/r498200060/employ/
473,大昭和紙工産業株式会社,紙・パルプ,印刷関連／その他製造／商社（紙）／商社（総合）,https://job.rikunabi.com//2022/company/r498200060/employ/
474,倉敷紡績株式会社,化学,繊維／プラント・エンジニアリング／機械／医薬品,https://job.rikunabi.com//2022/company/r498200060/employ/
475,サムコ株式会社,機械,総合電機（電気・電子機器）／精密機器,https://job.rikunabi.com//2022/company/r498200060/employ/
476,株式会社TBK,自動車,輸送機器／機械／半導体・電子部品・その他／その他製造,https://job.rikunabi.com//2022/company/r498200060/employ/
477,リンテック株式会社,化学,紙・パルプ／機械／その他製造／半導体・電子部品・その他,https://job.rikunabi.com//2022/company/r498200060/employ/
478,株式会社東光高岳,重電・産業用電気機器,プラント・エンジニアリング／総合電機（電気・電子機器）,https://job.rikunabi.com//2022/company/r498200060/employ/
479,株式会社村田製作所,半導体・電子部品・その他,ガラス・セラミックス／化学／設備・設備工事関連,https://job.rikunabi.com//2022/company/r498200060/employ/
480,マルホ株式会社,医薬品,化粧品／化学／商社（医薬品）／商社（化粧品）,https://job.rikunabi.com//2022/company/r498200060/employ/
481,安川グループ,重電・産業用電気機器,機械／プラント・エンジニアリング／半導体・電子部品・その他／輸送機器,https://job.rikunabi.com//2022/company/r498200060/employ/
482,株式会社バッファロー,コンピュータ・通信機器・ＯＡ機器,家電・ＡＶ機器／半導体・電子部品・その他／通信／ソフトウェア,https://job.rikunabi.com//2022/company/r498200060/employ/
483,プライムアースＥＶエナジー株式会社,自動車,重電・産業用電気機器／半導体・電子部品・その他／輸送機器,https://job.rikunabi.com//2022/company/r498200060/employ/
484,トヨタ車体株式会社,自動車,輸送機器／その他製造／機械／精密機器,https://job.rikunabi.com//2022/company/r498200060/employ/
485,クボタグループ,機械,プラント・エンジニアリング／精密機器／建材・エクステリア／情報処理,https://job.rikunabi.com//2022/company/r498200060/employ/
486,セイコーホールディングスグループ,精密機器,半導体・電子部品・その他／情報処理／ソフトウェア／専門店（服飾雑貨・繊維製品・貴金属）,https://job.rikunabi.com//2022/company/r498200060/employ/
487,ホーチキ株式会社,半導体・電子部品・その他,設備・設備工事関連／通信／その他製造／家電・ＡＶ機器,https://job.rikunabi.com//2022/company/r498200060/employ/
488,日本トレクス株式会社,自動車,輸送機器／商社（自動車・輸送機器）／その他商社,https://job.rikunabi.com//2022/company/r498200060/employ/
489,株式会社ニトリ,文具・事務機器・インテリア,専門店（音楽・書籍・インテリア）／商社（インテリア）／その他専門店・小売／広告,https://job.rikunabi.com//2022/company/r498200060/employ/
490,黒崎播磨株式会社,ガラス・セラミックス,非鉄金属／機械／プラント・エンジニアリング／設備・設備工事関連,https://job.rikunabi.com//2022/company/r498200060/employ/
491,株式会社　ヒシヌママシナリー,機械,精密機器／商社（機械）,https://job.rikunabi.com//2022/company/r498200060/employ/
492,信越化学工業株式会社,化学,半導体・電子部品・その他／プラント・エンジニアリング／精密機器／金属製品,https://job.rikunabi.com//2022/company/r498200060/employ/
493,ＥＮＥＯＳ株式会社,石油・石炭,エネルギー／化学／ガス／電力・電気,https://job.rikunabi.com//2022/company/r498200060/employ/
494,日本パーカライジング株式会社,化学,プラント・エンジニアリング／機械／自動車／金属製品,https://job.rikunabi.com//2022/company/r498200060/employ/
495,住友化学株式会社,化学,,https://job.rikunabi.com//2022/company/r498200060/employ/
496,武蔵精密工業株式会社,自動車,輸送機器／機械／設備・設備工事関連／金属製品,https://job.rikunabi.com//2022/company/r498200060/employ/
497,栗田工業株式会社,プラント・エンジニアリング,機械／化学／半導体・電子部品・その他／コンサルタント・専門コンサルタント,https://job.rikunabi.com//2022/company/r498200060/employ/
498,日本モレックス合同会社,半導体・電子部品・その他,家電・ＡＶ機器／コンピュータ・通信機器・ＯＡ機器／自動車／医療機器,https://job.rikunabi.com//2022/company/r498200060/employ/
499,前田工繊株式会社,その他製造,繊維／化学／建材・エクステリア,https://job.rikunabi.com//2022/company/r498200060/employ/
500,帝人株式会社,化学,医薬品／医療機器／繊維／自動車,https://job.rikunabi.com//2022/company/r498200060/employ/
501,株式会社マキタ,機械,重電・産業用電気機器／総合電機（電気・電子機器）／半導体・電子部品・その他／その他製造,https://job.rikunabi.com//2022/company/r498200060/employ/
502,株式会社オカベ,食品,商社（食料品）／水産／農林,https://job.rikunabi.com//2022/company/r498200060/employ/
503,株式会社アドバンテスト,重電・産業用電気機器,半導体・電子部品・その他／コンピュータ・通信機器・ＯＡ機器／精密機器／機械,https://job.rikunabi.com//2022/company/r498200060/employ/
504,三菱ケミカルエンジニアリング株式会社,プラント・エンジニアリング,建築設計／設備・設備工事関連／建設／機械設計,https://job.rikunabi.com//2022/company/r498200060/employ/
505,株式会社UACJ,非鉄金属,金属製品,https://job.rikunabi.com//2022/company/r498200060/employ/
506,大日本住友製薬株式会社,医薬品,化学／食品／その他製造,https://job.rikunabi.com//2022/company/r498200060/employ/
507,モリ工業株式会社,機械,鉄鋼／金属製品／商社（金属）,https://job.rikunabi.com//2022/company/r498200060/employ/
508,小野薬品工業株式会社,医薬品,,https://job.rikunabi.com//2022/company/r498200060/employ/
509,前田建設工業株式会社,建設,建築設計／設備・設備工事関連,https://job.rikunabi.com//2022/company/r498200060/employ/
510,株式会社トーエネック,建設,設備・設備工事関連／電力・電気／通信／エネルギー,https://job.rikunabi.com//2022/company/r498200060/employ/
511,王子グループ,紙・パルプ,化学／機械／プラント・エンジニアリング／エネルギー,https://job.rikunabi.com//2022/company/r498200060/employ/
512,東レ・メディカル株式会社,医療機器,精密機器／医療関連・医療機関／その他製造,https://job.rikunabi.com//2022/company/r498200060/employ/
513,カシオ計算機株式会社,精密機器,家電・ＡＶ機器／コンピュータ・通信機器・ＯＡ機器／半導体・電子部品・その他,https://job.rikunabi.com//2022/company/r498200060/employ/
514,ＵＤトラックス株式会社,自動車,輸送機器／商社（自動車・輸送機器）／機械／その他製造,https://job.rikunabi.com//2022/company/r498200060/employ/
515,三和シヤッター工業株式会社,建材・エクステリア,金属製品／設備・設備工事関連,https://job.rikunabi.com//2022/company/r498200060/employ/
516,北陸電気工業株式会社,半導体・電子部品・その他,精密機器,https://job.rikunabi.com//2022/company/r498200060/employ/
517,川澄化学工業株式会社,医療機器,化学／精密機器／医療関連・医療機関,https://job.rikunabi.com//2022/company/r498200060/employ/
518,名北工業株式会社,自動車,鉄鋼／機械／金属製品,https://job.rikunabi.com//2022/company/r498200060/employ/
519,株式会社サンテクノロジー,半導体・電子部品・その他,エステ・理容・美容／不動産／その他専門店・小売,https://job.rikunabi.com//2022/company/r498200060/employ/
520,株式会社シルベック,金属製品,化学／自動車／機械,https://job.rikunabi.com//2022/company/r498200060/employ/
521,昭和産業株式会社,食品,プラント・エンジニアリング／設備・設備工事関連／機械／その他製造,https://job.rikunabi.com//2022/company/r498200060/employ/
522,株式会社山田養蜂場,食品,化粧品／商社（食料品）／商社（化粧品）／その他専門店・小売,https://job.rikunabi.com//2022/company/r498200060/employ/
523,新田ゼラチン株式会社,食品,化学／化粧品／医薬品,https://job.rikunabi.com//2022/company/r498200060/employ/
524,レック株式会社,文具・事務機器・インテリア,家電・ＡＶ機器／医薬品／化粧品／その他製造,https://job.rikunabi.com//2022/company/r498200060/employ/
525,UCC上島珈琲株式会社,食品,商社（食料品）,https://job.rikunabi.com//2022/company/r498200060/employ/
526,住友林業株式会社,住宅,建設／商社（建材・エクステリア）／農林／不動産,https://job.rikunabi.com//2022/company/r498200060/employ/
527,JSR株式会社,化学,タイヤ・ゴム製品／半導体・電子部品・その他／プラント・エンジニアリング,https://job.rikunabi.com//2022/company/r498200060/employ/
528,ホシデン株式会社,半導体・電子部品・その他,自動車／ゲーム・アミューズメント機器／コンピュータ・通信機器・ＯＡ機器／家電・ＡＶ機器,https://job.rikunabi.com//2022/company/r498200060/employ/
529,マツダ株式会社,自動車,その他製造／輸送機器／精密機器,https://job.rikunabi.com//2022/company/r498200060/employ/
530,ニチレイグループ,食品,商社（食料品）／その他製造／医薬品／倉庫,https://job.rikunabi.com//2022/company/r498200060/employ/
531,雪印メグミルク株式会社,食品,,https://job.rikunabi.com//2022/company/r498200060/employ/
532,トピー工業株式会社,自動車,鉄鋼／輸送機器／金属製品／化学,https://job.rikunabi.com//2022/company/r498200060/employ/
533,コニカミノルタ株式会社,精密機器,医療機器／化学／コンピュータ・通信機器・ＯＡ機器,https://job.rikunabi.com//2022/company/r498200060/employ/
534,ニチアス株式会社,化学,ガラス・セラミックス／自動車／半導体・電子部品・その他／プラント・エンジニアリング,https://job.rikunabi.com//2022/company/r498200060/employ/
535,株式会社バンダイ,その他製造,食品／アパレル・服飾・雑貨・皮革製品／化粧品／繊維,https://job.rikunabi.com//2022/company/r498200060/employ/
536,日本曹達株式会社,化学,農林／医薬品／半導体・電子部品・その他,https://job.rikunabi.com//2022/company/r498200060/employ/
537,マルコメ株式会社,食品,,https://job.rikunabi.com//2022/company/r498200060/employ/
538,株式会社丸金,食品,商社（食料品）／コンビニエンスストア／外食・レストラン・フードサービス／インターネット関連,https://job.rikunabi.com//2022/company/r498200060/employ/
539,株式会社タマディック ,輸送機器,自動車／機械／機械設計／総合電機（電気・電子機器）,https://job.rikunabi.com//2022/company/r498200060/employ/
540,エースコック株式会社,食品,,https://job.rikunabi.com//2022/company/r498200060/employ/
541,松谷化学工業株式会社,食品,医薬品／化学／商社（食料品）／商社（医薬品）,https://job.rikunabi.com//2022/company/r498200060/employ/
542,協和キリン株式会社,医薬品,医療機器／化学／その他製造,https://job.rikunabi.com//2022/company/r498200060/employ/
543,巴工業株式会社,機械,商社（化学製品）／プラント・エンジニアリング／その他商社／設備・設備工事関連,https://job.rikunabi.com//2022/company/r498200060/employ/
544,長谷川香料株式会社,化学,食品／化粧品／その他製造,https://job.rikunabi.com//2022/company/r498200060/employ/
545,株式会社資生堂,化粧品,化学／医薬品,https://job.rikunabi.com//2022/company/r498200060/employ/
546,アストラゼネカ株式会社,医薬品,,https://job.rikunabi.com//2022/company/r498200060/employ/
547,株式会社トクヤマ,化学,セメント／半導体・電子部品・その他／ガラス・セラミックス／医薬品,https://job.rikunabi.com//2022/company/r498200060/employ/
548,三菱商事ライフサイエンス株式会社,食品,医薬品／化粧品,https://job.rikunabi.com//2022/company/r498200060/employ/
549,ファナック株式会社,重電・産業用電気機器,機械／精密機器,https://job.rikunabi.com//2022/company/r498200060/employ/
550,株式会社リコー,精密機器,インターネット関連／半導体・電子部品・その他／機械／コンピュータ・通信機器・ＯＡ機器,https://job.rikunabi.com//2022/company/r498200060/employ/
551,ダイキン工業株式会社,機械,化学／家電・ＡＶ機器／輸送機器／ソフトウェア,https://job.rikunabi.com//2022/company/r498200060/employ/
552,株式会社ワコール,繊維,アパレル・服飾・雑貨・皮革製品／専門店（服飾雑貨・繊維製品・貴金属）／専門店（スポーツ用品）／スポーツ・フィットネス・ヘルス関連施設,https://job.rikunabi.com//2022/company/r498200060/employ/
553,森永製菓株式会社,食品,,https://job.rikunabi.com//2022/company/r498200060/employ/
554,株式会社 島津製作所,精密機器,医療機器／機械／重電・産業用電気機器,https://job.rikunabi.com//2022/company/r498200060/employ/
555,株式会社　極洋,食品,商社（食料品）／水産,https://job.rikunabi.com//2022/company/r498200060/employ/
556,宇部興産機械株式会社,機械,機械設計／電力・電気,https://job.rikunabi.com//2022/company/r498200060/employ/
557,キオクシア株式会社,半導体・電子部品・その他,コンピュータ・通信機器・ＯＡ機器／精密機器／機械,https://job.rikunabi.com//2022/company/r498200060/employ/
558,ホクト株式会社,食品,,https://job.rikunabi.com//2022/company/r498200060/employ/
559,株式会社中川製作所,紙・パルプ,印刷関連／文具・事務機器・インテリア／商社（紙）／商社（事務機器・ＯＡ関連）,https://job.rikunabi.com//2022/company/r498200060/employ/
560,中西金属工業株式会社,金属製品,機械／輸送機器／設備・設備工事関連／自動車,https://job.rikunabi.com//2022/company/r498200060/employ/
561,パナソニック株式会社,総合電機（電気・電子機器）,コンピュータ・通信機器・ＯＡ機器／家電・ＡＶ機器／半導体・電子部品・その他／建材・エクステリア,https://job.rikunabi.com//2022/company/r498200060/employ/
562,日本イーライリリー株式会社,医薬品,,https://job.rikunabi.com//2022/company/r498200060/employ/
563,プリマハム株式会社,食品,商社（食料品）／その他製造,https://job.rikunabi.com//2022/company/r498200060/employ/
564,株式会社クリハラント,プラント・エンジニアリング,設備・設備工事関連／電力・電気／建設／機械設計,https://job.rikunabi.com//2022/company/r498200060/employ/
565,エーザイ株式会社,医薬品,,https://job.rikunabi.com//2022/company/r498200060/employ/
566,株式会社小野測器,精密機器,自動車／総合電機（電気・電子機器）／重電・産業用電気機器／プラント・エンジニアリング,https://job.rikunabi.com//2022/company/r498200060/employ/
567,ＣＫＤ株式会社,機械,重電・産業用電気機器／半導体・電子部品・その他／精密機器／コンピュータ・通信機器・ＯＡ機器,https://job.rikunabi.com//2022/company/r498200060/employ/
568,中外炉工業株式会社,プラント・エンジニアリング,機械／自動車／鉄鋼／重電・産業用電気機器,https://job.rikunabi.com//2022/company/r498200060/employ/
569,日本ペイントホールディングス株式会社,化学,自動車／建設／建材・エクステリア／機械,https://job.rikunabi.com//2022/company/r498200060/employ/
570,ヤマハ発動機株式会社,輸送機器,精密機器／機械／その他製造,https://job.rikunabi.com//2022/company/r498200060/employ/
571,富士石油株式会社,石油・石炭,化学／エネルギー,https://job.rikunabi.com//2022/company/r498200060/employ/
572,ブラザー工業株式会社,精密機器,機械／文具・事務機器・インテリア／コンピュータ・通信機器・ＯＡ機器／総合電機（電気・電子機器）,https://job.rikunabi.com//2022/company/r498200060/employ/
573,小松マテーレ株式会社,化学,繊維／アパレル・服飾・雑貨・皮革製品／建材・エクステリア／その他製造,https://job.rikunabi.com//2022/company/r498200060/employ/
574,共英製鋼株式会社,鉄鋼,プラント・エンジニアリング／重電・産業用電気機器／非鉄金属／機械,https://job.rikunabi.com//2022/company/r498200060/employ/
575,株式会社ニューフレアテクノロジー,半導体・電子部品・その他,重電・産業用電気機器／コンピュータ・通信機器・ＯＡ機器／精密機器／ソフトウェア,https://job.rikunabi.com//2022/company/r498200060/employ/
576,凸版印刷株式会社,印刷関連,広告／インターネット関連／情報処理／半導体・電子部品・その他,https://job.rikunabi.com//2022/company/r498200060/employ/
577,四変テック株式会社,重電・産業用電気機器,半導体・電子部品・その他／総合電機（電気・電子機器）／電力・電気,https://job.rikunabi.com//2022/company/r498200060/employ/
578,南海プライウッド株式会社 ,建材・エクステリア,文具・事務機器・インテリア／住宅／建設,https://job.rikunabi.com//2022/company/r498200060/employ/
579,株式会社生方製作所,半導体・電子部品・その他,重電・産業用電気機器／精密機器／その他製造／家電・ＡＶ機器,https://job.rikunabi.com//2022/company/r498200060/employ/
580,ダイハツ工業株式会社,自動車,輸送機器,https://job.rikunabi.com//2022/company/r498200060/employ/
581,株式会社ニップン,食品,農林／設備・設備工事関連／機械／プラント・エンジニアリング,https://job.rikunabi.com//2022/company/r498200060/employ/
582,アース製薬株式会社,医薬品,化学／化粧品／その他製造,https://job.rikunabi.com//2022/company/r498200060/employ/
583,河淳株式会社,文具・事務機器・インテリア,建材・エクステリア／住宅／その他製造／専門店（音楽・書籍・インテリア）,https://job.rikunabi.com//2022/company/r498200060/employ/
584,鍋屋バイテック株式会社,機械,半導体・電子部品・その他／設備・設備工事関連／精密機器／金属製品,https://job.rikunabi.com//2022/company/r498200060/employ/
585,株式会社サカタのタネ,農林,食品／商社（食料品）／その他商社／その他製造,https://job.rikunabi.com//2022/company/r498200060/employ/
586,ＮＴＮ株式会社,機械,精密機器／自動車／輸送機器／その他製造,https://job.rikunabi.com//2022/company/r498200060/employ/
587,三恵技研工業株式会社,自動車,輸送機器／金属製品／機械／その他製造,https://job.rikunabi.com//2022/company/r498200060/employ/
588,株式会社東京精密,精密機器,機械／半導体・電子部品・その他／重電・産業用電気機器／コンピュータ・通信機器・ＯＡ機器,https://job.rikunabi.com//2022/company/r498200060/employ/
589,株式会社フジミインコーポレーテッド,化学,半導体・電子部品・その他／ガラス・セラミックス／非鉄金属／その他製造,https://job.rikunabi.com//2022/company/r498200060/employ/
590,ヤマハモーターエレクトロニクス株式会社,輸送機器,自動車／機械／その他製造,https://job.rikunabi.com//2022/company/r498200060/employ/
591,リコー電子デバイス株式会社,半導体・電子部品・その他,精密機器／コンピュータ・通信機器・ＯＡ機器／機械／化学,https://job.rikunabi.com//2022/company/r498200060/employ/
592,東京応化工業株式会社,化学,機械,https://job.rikunabi.com//2022/company/r498200060/employ/
593,安田工業株式会社,機械,商社（機械）／半導体・電子部品・その他／精密機器／その他製造,https://job.rikunabi.com//2022/company/r498200060/employ/
594,山一精工株式会社,金属製品,半導体・電子部品・その他／精密機器,https://job.rikunabi.com//2022/company/r498200060/employ/
595,辻村電工株式会社,設備・設備工事関連,重電・産業用電気機器／総合電機（電気・電子機器）／機械設計,https://job.rikunabi.com//2022/company/r498200060/employ/
596,株式会社タカギセイコー,化学,自動車／輸送機器／家電・ＡＶ機器／コンピュータ・通信機器・ＯＡ機器,https://job.rikunabi.com//2022/company/r498200060/employ/
597,イリソ電子工業株式会社,半導体・電子部品・その他,商社（電機・電子・半導体）／自動車／コンピュータ・通信機器・ＯＡ機器／家電・ＡＶ機器,https://job.rikunabi.com//2022/company/r498200060/employ/
598,サカエ理研工業株式会社,自動車,輸送機器／その他製造,https://job.rikunabi.com//2022/company/r498200060/employ/
599,株式会社ニフコ,自動車,住宅／家電・ＡＶ機器／アパレル・服飾・雑貨・皮革製品／文具・事務機器・インテリア,https://job.rikunabi.com//2022/company/r498200060/employ/
600,ＮＳＫワーナー株式会社,輸送機器,自動車／金属製品／機械／化学,https://job.rikunabi.com//2022/company/r498200060/employ/
601,住友電気工業株式会社,非鉄金属,自動車／コンピュータ・通信機器・ＯＡ機器／半導体・電子部品・その他,https://job.rikunabi.com//2022/company/r498200060/employ/
602,株式会社SCREENホールディングス＋他6社,重電・産業用電気機器,半導体・電子部品・その他／印刷関連／医療機器／機械,https://job.rikunabi.com//2022/company/r498200060/employ/
603,エンケイ株式会社,輸送機器,自動車／非鉄金属／専門店（複合）,https://job.rikunabi.com//2022/company/r498200060/employ/
604,塚田理研工業株式会社,化学,自動車／半導体・電子部品・その他／コンピュータ・通信機器・ＯＡ機器,https://job.rikunabi.com//2022/company/r498200060/employ/
605,株式会社ミルボン,化学,医薬品／化粧品／商社（医薬品）／商社（化粧品）,https://job.rikunabi.com//2022/company/r498200060/employ/
606,ヤマハ株式会社,その他製造,家電・ＡＶ機器／半導体・電子部品・その他／コンピュータ・通信機器・ＯＡ機器／インターネット関連,https://job.rikunabi.com//2022/company/r498200060/employ/
607,株式会社　共和電業,精密機器,半導体・電子部品・その他／機械／コンピュータ・通信機器・ＯＡ機器／自動車,https://job.rikunabi.com//2022/company/r498200060/employ/
608,リョービ株式会社,機械,自動車／金属製品／輸送機器／非鉄金属,https://job.rikunabi.com//2022/company/r498200060/employ/
609,アイシン高丘株式会社,自動車,金属製品／その他製造／輸送機器／家電・ＡＶ機器,https://job.rikunabi.com//2022/company/r498200060/employ/
610,ＫＹＢ株式会社,輸送機器,自動車／機械,https://job.rikunabi.com//2022/company/r498200060/employ/
611,フィード・ワン株式会社,食品,水産／農林／商社（食料品）,https://job.rikunabi.com//2022/company/r498200060/employ/
612,株式会社イリア,建設,建設コンサルタント／建築設計／設備・設備工事関連／商社（インテリア）,https://job.rikunabi.com//2022/company/r498200060/employ/
613,日産化学株式会社,化学,半導体・電子部品・その他／医薬品／プラント・エンジニアリング,https://job.rikunabi.com//2022/company/r498200060/employ/
614,森井紙器工業株式会社,紙・パルプ,印刷関連／商社（紙）／文具・事務機器・インテリア,https://job.rikunabi.com//2022/company/r498200060/employ/
615,株式会社　源吉兆庵,食品,その他製造／商社（食料品）／外食・レストラン・フードサービス／百貨店,https://job.rikunabi.com//2022/company/r498200060/employ/
616,小林製薬株式会社,化学,医薬品／化粧品／食品,https://job.rikunabi.com//2022/company/r498200060/employ/
617,ＫＨネオケム株式会社,化学,化粧品／プラント・エンジニアリング／半導体・電子部品・その他／機械,https://job.rikunabi.com//2022/company/r498200060/employ/
618,大塚化学株式会社,化学,,https://job.rikunabi.com//2022/company/r498200060/employ/
619,株式会社湖池屋,食品,,https://job.rikunabi.com//2022/company/r498200060/employ/
620,株式会社ＩＨＩ,機械,プラント・エンジニアリング／重電・産業用電気機器／輸送機器／精密機器,https://job.rikunabi.com//2022/company/r498200060/employ/
621,日置電機株式会社,重電・産業用電気機器,総合電機（電気・電子機器）／精密機器,https://job.rikunabi.com//2022/company/r498200060/employ/
622,株式会社木村鋳造所,鉄鋼,機械／輸送機器／自動車／重電・産業用電気機器,https://job.rikunabi.com//2022/company/r498200060/employ/
623,はごろもフーズ株式会社,食品,,https://job.rikunabi.com//2022/company/r498200060/employ/
624,サントリーグループ（サントリーホールディングス株式会社・サントリー食品インターナショナル株式会社）,食品,,https://job.rikunabi.com//2022/company/r498200060/employ/
625,ダイドードリンコ株式会社,食品,,https://job.rikunabi.com//2022/company/r498200060/employ/
626,中央精機株式会社,自動車,金属製品／輸送機器／タイヤ・ゴム製品／その他製造,https://job.rikunabi.com//2022/company/r498200060/employ/
627,昭和電工株式会社,化学,ガラス・セラミックス／半導体・電子部品・その他／非鉄金属／化粧品,https://job.rikunabi.com//2022/company/r498200060/employ/
628,杏林製薬株式会社 ,医薬品,化学／化粧品,https://job.rikunabi.com//2022/company/r498200060/employ/
629,金印株式会社,食品,商社（食料品）／その他商社,https://job.rikunabi.com//2022/company/r498200060/employ/
630,ナカシマグループ(ナカシマプロペラ・帝人ナカシマメディカル・システムズナカシマ）,非鉄金属,医療機器／機械／情報処理／輸送機器,https://job.rikunabi.com//2022/company/r498200060/employ/
631,日本ベーリンガーインゲルハイム株式会社,医薬品,化学,https://job.rikunabi.com//2022/company/r498200060/employ/
632,コスモエネルギーホールディングス株式会社＋他3社,石油・石炭,エネルギー／化学／プラント・エンジニアリング／商社（石油製品）,https://job.rikunabi.com//2022/company/r498200060/employ/
633,三井製糖株式会社,食品,,https://job.rikunabi.com//2022/company/r498200060/employ/
634,オイレス工業株式会社,機械,自動車／精密機器／建設／金属製品,https://job.rikunabi.com//2022/company/r498200060/employ/
